Company,Project,Partner ,Watershed,Category,Date,Gallons,X,Y,,,
Amazon,21310 BEAUMEADE CIR  ASHBURN 20147,Loudoun County -Central System ,Middle Potomac-Catoctin Basin,Recycled Water,2023-07,-7,39.01583,-77.453241,,,
Amazon,21310 BEAUMEADE CIR  ASHBURN 20147,Loudoun County -Central System ,Middle Potomac-Catoctin Basin,Recycled Water,2023-08,88795,39.01583,-77.453241,,,
Amazon,21310 BEAUMEADE CIR  ASHBURN 20147,Loudoun County -Central System ,Middle Potomac-Catoctin Basin,Recycled Water,2023-09,163449,39.01583,-77.453241,,,
Amazon,21310 BEAUMEADE CIR  ASHBURN 20147,Loudoun County -Central System ,Middle Potomac-Catoctin Basin,Recycled Water,2023-10,652264,39.01583,-77.453241,,,
Amazon,21310 BEAUMEADE CIR  ASHBURN 20147,Loudoun County -Central System ,Middle Potomac-Catoctin Basin,Recycled Water,2023-11,947787,39.01583,-77.453241,,,
Amazon,21310 BEAUMEADE CIR  ASHBURN 20147,Loudoun County -Central System ,Middle Potomac-Catoctin Basin,Recycled Water,2023-12,472120,39.01583,-77.453241,,,
Amazon,21310 BEAUMEADE CIR  ASHBURN 20147,Loudoun County -Central System ,Middle Potomac-Catoctin Basin,Recycled Water,2024-01,30387,39.01583,-77.453241,,,
Amazon,21310 BEAUMEADE CIR  ASHBURN 20147,Loudoun County -Central System ,Middle Potomac-Catoctin Basin,Recycled Water,2024-02,5047,39.01583,-77.453241,,,
Amazon,21310 BEAUMEADE CIR  ASHBURN 20147,Loudoun County -Central System ,Middle Potomac-Catoctin Basin,Recycled Water,2024-03,4363,39.01583,-77.453241,,,
Amazon,21310 BEAUMEADE CIR  ASHBURN 20147,Loudoun County -Central System ,Middle Potomac-Catoctin Basin,Recycled Water,2024-04,-185,39.01583,-77.453241,,,
Amazon,21310 BEAUMEADE CIR  ASHBURN 20147,Loudoun County -Central System ,Middle Potomac-Catoctin Basin,Recycled Water,2024-06,-1,39.01583,-77.453241,,,
Amazon,21310 BEAUMEADE CIR  ASHBURN 20147,Loudoun County -Central System ,Middle Potomac-Catoctin Basin,Recycled Water,2024-07,-7,39.01583,-77.453241,,,
Amazon,21310 BEAUMEADE CIR  ASHBURN 20147,Loudoun County -Central System ,Middle Potomac-Catoctin Basin,Recycled Water,2024-08,2294,39.01583,-77.453241,,,
Amazon,21310 BEAUMEADE CIR  ASHBURN 20147,Loudoun County -Central System ,Middle Potomac-Catoctin Basin,Recycled Water,2024-09,63104,39.01583,-77.453241,,,
Amazon,21310 BEAUMEADE CIR  ASHBURN 20147,Loudoun County -Central System ,Middle Potomac-Catoctin Basin,Recycled Water,2024-10,333531,39.01583,-77.453241,,,
Amazon,21310 BEAUMEADE CIR  ASHBURN 20147,Loudoun County -Central System ,Middle Potomac-Catoctin Basin,Recycled Water,2024-11,350433,39.01583,-77.453241,,,
Amazon,21310 BEAUMEADE CIR  ASHBURN 20147,Loudoun County -Central System ,Middle Potomac-Catoctin Basin,Recycled Water,2024-12,108926,39.01583,-77.453241,,,
Amazon,21310 BEAUMEADE CIR  ASHBURN 20147,Loudoun County -Central System ,Middle Potomac-Catoctin Basin,Recycled Water,2025-01,65184,39.01583,-77.453241,,,
Amazon,21310 BEAUMEADE CIR  ASHBURN 20147,Loudoun County -Central System ,Middle Potomac-Catoctin Basin,Recycled Water,2025-02,26190,39.01583,-77.453241,,,
Amazon,22574 PACIFIC BLVD  STERLING 20166,Loudoun County -Central System ,Middle Potomac-Catoctin Basin,Recycled Water,2023-02,3571,38.9896819,-77.434716,,,
Amazon,22574 PACIFIC BLVD  STERLING 20166,Loudoun County -Central System ,Middle Potomac-Catoctin Basin,Recycled Water,2023-03,2163,38.9896819,-77.434716,,,
Amazon,22574 PACIFIC BLVD  STERLING 20166,Loudoun County -Central System ,Middle Potomac-Catoctin Basin,Recycled Water,2023-04,5975,38.9896819,-77.434716,,,
Amazon,22574 PACIFIC BLVD  STERLING 20166,Loudoun County -Central System ,Middle Potomac-Catoctin Basin,Recycled Water,2023-05,8890,38.9896819,-77.434716,,,
Amazon,22574 PACIFIC BLVD  STERLING 20166,Loudoun County -Central System ,Middle Potomac-Catoctin Basin,Recycled Water,2023-06,11639,38.9896819,-77.434716,,,
Amazon,22574 PACIFIC BLVD  STERLING 20166,Loudoun County -Central System ,Middle Potomac-Catoctin Basin,Recycled Water,2023-07,8158,38.9896819,-77.434716,,,
Amazon,22574 PACIFIC BLVD  STERLING 20166,Loudoun County -Central System ,Middle Potomac-Catoctin Basin,Recycled Water,2023-08,8967,38.9896819,-77.434716,,,
Amazon,22574 PACIFIC BLVD  STERLING 20166,Loudoun County -Central System ,Middle Potomac-Catoctin Basin,Recycled Water,2023-09,10134,38.9896819,-77.434716,,,
Amazon,22574 PACIFIC BLVD  STERLING 20166,Loudoun County -Central System ,Middle Potomac-Catoctin Basin,Recycled Water,2023-10,8782,38.9896819,-77.434716,,,
Amazon,22574 PACIFIC BLVD  STERLING 20166,Loudoun County -Central System ,Middle Potomac-Catoctin Basin,Recycled Water,2023-11,8690,38.9896819,-77.434716,,,
Amazon,22574 PACIFIC BLVD  STERLING 20166,Loudoun County -Central System ,Middle Potomac-Catoctin Basin,Recycled Water,2023-12,7283,38.9896819,-77.434716,,,
Amazon,22574 PACIFIC BLVD  STERLING 20166,Loudoun County -Central System ,Middle Potomac-Catoctin Basin,Recycled Water,2024-01,6071,38.9896819,-77.434716,,,
Amazon,22574 PACIFIC BLVD  STERLING 20166,Loudoun County -Central System ,Middle Potomac-Catoctin Basin,Recycled Water,2024-02,27754,38.9896819,-77.434716,,,
Amazon,22574 PACIFIC BLVD  STERLING 20166,Loudoun County -Central System ,Middle Potomac-Catoctin Basin,Recycled Water,2024-03,6896,38.9896819,-77.434716,,,
Amazon,22574 PACIFIC BLVD  STERLING 20166,Loudoun County -Central System ,Middle Potomac-Catoctin Basin,Recycled Water,2024-04,7749,38.9896819,-77.434716,,,
Amazon,22574 PACIFIC BLVD  STERLING 20166,Loudoun County -Central System ,Middle Potomac-Catoctin Basin,Recycled Water,2024-05,8481,38.9896819,-77.434716,,,
Amazon,22574 PACIFIC BLVD  STERLING 20166,Loudoun County -Central System ,Middle Potomac-Catoctin Basin,Recycled Water,2024-06,9442,38.9896819,-77.434716,,,
Amazon,22574 PACIFIC BLVD  STERLING 20166,Loudoun County -Central System ,Middle Potomac-Catoctin Basin,Recycled Water,2024-07,7827,38.9896819,-77.434716,,,
Amazon,22574 PACIFIC BLVD  STERLING 20166,Loudoun County -Central System ,Middle Potomac-Catoctin Basin,Recycled Water,2024-08,8872,38.9896819,-77.434716,,,
Amazon,22574 PACIFIC BLVD  STERLING 20166,Loudoun County -Central System ,Middle Potomac-Catoctin Basin,Recycled Water,2024-09,6974,38.9896819,-77.434716,,,
Amazon,22574 PACIFIC BLVD  STERLING 20166,Loudoun County -Central System ,Middle Potomac-Catoctin Basin,Recycled Water,2024-10,7592,38.9896819,-77.434716,,,
Amazon,22574 PACIFIC BLVD  STERLING 20166,Loudoun County -Central System ,Middle Potomac-Catoctin Basin,Recycled Water,2024-11,7503,38.9896819,-77.434716,,,
Amazon,22574 PACIFIC BLVD  STERLING 20166,Loudoun County -Central System ,Middle Potomac-Catoctin Basin,Recycled Water,2024-12,7244,38.9896819,-77.434716,,,
Amazon,22574 PACIFIC BLVD  STERLING 20166,Loudoun County -Central System ,Middle Potomac-Catoctin Basin,Recycled Water,2025-01,7169,38.9896819,-77.434716,,,
Amazon,21660 CHARLES VIEW DR  STERLING 20166,Loudoun County -Central System ,Middle Potomac-Catoctin Basin,Recycled Water,2023-01,1407,39.0184955,-77.4388832,,,
Amazon,21660 CHARLES VIEW DR  STERLING 20166,Loudoun County -Central System ,Middle Potomac-Catoctin Basin,Recycled Water,2023-02,1757,39.0184955,-77.4388832,,,
Amazon,21660 CHARLES VIEW DR  STERLING 20166,Loudoun County -Central System ,Middle Potomac-Catoctin Basin,Recycled Water,2023-03,1561,39.0184955,-77.4388832,,,
Amazon,21660 CHARLES VIEW DR  STERLING 20166,Loudoun County -Central System ,Middle Potomac-Catoctin Basin,Recycled Water,2023-04,566,39.0184955,-77.4388832,,,
Amazon,21660 CHARLES VIEW DR  STERLING 20166,Loudoun County -Central System ,Middle Potomac-Catoctin Basin,Recycled Water,2023-05,288,39.0184955,-77.4388832,,,
Amazon,21660 CHARLES VIEW DR  STERLING 20166,Loudoun County -Central System ,Middle Potomac-Catoctin Basin,Recycled Water,2023-06,354,39.0184955,-77.4388832,,,
Amazon,21660 CHARLES VIEW DR  STERLING 20166,Loudoun County -Central System ,Middle Potomac-Catoctin Basin,Recycled Water,2023-07,8129,39.0184955,-77.4388832,,,
Amazon,21660 CHARLES VIEW DR  STERLING 20166,Loudoun County -Central System ,Middle Potomac-Catoctin Basin,Recycled Water,2023-08,732,39.0184955,-77.4388832,,,
Amazon,21660 CHARLES VIEW DR  STERLING 20166,Loudoun County -Central System ,Middle Potomac-Catoctin Basin,Recycled Water,2023-09,255,39.0184955,-77.4388832,,,
Amazon,21660 CHARLES VIEW DR  STERLING 20166,Loudoun County -Central System ,Middle Potomac-Catoctin Basin,Recycled Water,2023-10,423,39.0184955,-77.4388832,,,
Amazon,21660 CHARLES VIEW DR  STERLING 20166,Loudoun County -Central System ,Middle Potomac-Catoctin Basin,Recycled Water,2023-11,1730,39.0184955,-77.4388832,,,
Amazon,21660 CHARLES VIEW DR  STERLING 20166,Loudoun County -Central System ,Middle Potomac-Catoctin Basin,Recycled Water,2023-12,1794,39.0184955,-77.4388832,,,
Amazon,21660 CHARLES VIEW DR  STERLING 20166,Loudoun County -Central System ,Middle Potomac-Catoctin Basin,Recycled Water,2024-01,2409,39.0184955,-77.4388832,,,
Amazon,21660 CHARLES VIEW DR  STERLING 20166,Loudoun County -Central System ,Middle Potomac-Catoctin Basin,Recycled Water,2024-02,2079,39.0184955,-77.4388832,,,
Amazon,21660 CHARLES VIEW DR  STERLING 20166,Loudoun County -Central System ,Middle Potomac-Catoctin Basin,Recycled Water,2024-03,1697,39.0184955,-77.4388832,,,
Amazon,21660 CHARLES VIEW DR  STERLING 20166,Loudoun County -Central System ,Middle Potomac-Catoctin Basin,Recycled Water,2024-04,830,39.0184955,-77.4388832,,,
Amazon,21660 CHARLES VIEW DR  STERLING 20166,Loudoun County -Central System ,Middle Potomac-Catoctin Basin,Recycled Water,2024-05,128,39.0184955,-77.4388832,,,
Amazon,21660 CHARLES VIEW DR  STERLING 20166,Loudoun County -Central System ,Middle Potomac-Catoctin Basin,Recycled Water,2024-06,223,39.0184955,-77.4388832,,,
Amazon,21660 CHARLES VIEW DR  STERLING 20166,Loudoun County -Central System ,Middle Potomac-Catoctin Basin,Recycled Water,2024-07,578,39.0184955,-77.4388832,,,
Amazon,21660 CHARLES VIEW DR  STERLING 20166,Loudoun County -Central System ,Middle Potomac-Catoctin Basin,Recycled Water,2024-08,7130,39.0184955,-77.4388832,,,
Amazon,21660 CHARLES VIEW DR  STERLING 20166,Loudoun County -Central System ,Middle Potomac-Catoctin Basin,Recycled Water,2024-09,1458,39.0184955,-77.4388832,,,
Amazon,21660 CHARLES VIEW DR  STERLING 20166,Loudoun County -Central System ,Middle Potomac-Catoctin Basin,Recycled Water,2024-10,252,39.0184955,-77.4388832,,,
Amazon,21660 CHARLES VIEW DR  STERLING 20166,Loudoun County -Central System ,Middle Potomac-Catoctin Basin,Recycled Water,2024-11,408,39.0184955,-77.4388832,,,
Amazon,21660 CHARLES VIEW DR  STERLING 20166,Loudoun County -Central System ,Middle Potomac-Catoctin Basin,Recycled Water,2024-12,668,39.0184955,-77.4388832,,,
Amazon,21660 CHARLES VIEW DR  STERLING 20166,Loudoun County -Central System ,Middle Potomac-Catoctin Basin,Recycled Water,2025-01,1319,39.0184955,-77.4388832,,,
Amazon,21660 CHARLES VIEW DR  STERLING 20166,Loudoun County -Central System ,Middle Potomac-Catoctin Basin,Recycled Water,2025-02,860,39.0184955,-77.4388832,,,
Amazon,21660 CHARLES VIEW DR  STERLING 20166,Loudoun County -Central System ,Middle Potomac-Catoctin Basin,Recycled Water,2025-03,482,39.0184955,-77.4388832,,,
Amazon,21660 CHARLES VIEW DR  STERLING 20166,Loudoun County -Central System ,Middle Potomac-Catoctin Basin,Recycled Water,2025-04,204,39.0184955,-77.4388832,,,
Amazon,21660 CHARLES VIEW DR  STERLING 20166,Loudoun County -Central System ,Middle Potomac-Catoctin Basin,Recycled Water,2025-05,167,39.0184955,-77.4388832,,,
Amazon,21660 CHARLES VIEW DR  STERLING 20166,Loudoun County -Central System ,Middle Potomac-Catoctin Basin,Recycled Water,2025-06,283,39.0184955,-77.4388832,,,
Amazon,21660 CHARLES VIEW DR  STERLING 20166,Loudoun County -Central System ,Middle Potomac-Catoctin Basin,Recycled Water,2025-07,204,39.0184955,-77.4388832,,,
Amazon,21660 CHARLES VIEW DR  STERLING 20166,Loudoun County -Central System ,Middle Potomac-Catoctin Basin,Recycled Water,2025-08,549,39.0184955,-77.4388832,,,
Amazon,21660 CHARLES VIEW DR  STERLING 20166,Loudoun County -Central System ,Middle Potomac-Catoctin Basin,Recycled Water,2025-09,170,39.0184955,-77.4388832,,,
Amazon,21660 CHARLES VIEW DR  STERLING 20166,Loudoun County -Central System ,Middle Potomac-Catoctin Basin,Recycled Water,2025-10,300,39.0184955,-77.4388832,,,
Amazon,21660 CHARLES VIEW DR  STERLING 20166,Loudoun County -Central System ,Middle Potomac-Catoctin Basin,Recycled Water,2025-11,1322,39.0184955,-77.4388832,,,
Amazon,21660 CHARLES VIEW DR  STERLING 20166,Loudoun County -Central System ,Middle Potomac-Catoctin Basin,Recycled Water,2025-12,2469,39.0184955,-77.4388832,,,
Amazon,21641 CHARLES VIEW DR  STERLING 20166,Loudoun County -Central System ,Middle Potomac-Catoctin Basin,Recycled Water,2023-01,11629,39.0184955,-77.4388832,,,
Amazon,21641 CHARLES VIEW DR  STERLING 20166,Loudoun County -Central System ,Middle Potomac-Catoctin Basin,Recycled Water,2023-02,11545,39.0184955,-77.4388832,,,
Amazon,21641 CHARLES VIEW DR  STERLING 20166,Loudoun County -Central System ,Middle Potomac-Catoctin Basin,Recycled Water,2023-03,13192,39.0184955,-77.4388832,,,
Amazon,21641 CHARLES VIEW DR  STERLING 20166,Loudoun County -Central System ,Middle Potomac-Catoctin Basin,Recycled Water,2023-04,10945,39.0184955,-77.4388832,,,
Amazon,21641 CHARLES VIEW DR  STERLING 20166,Loudoun County -Central System ,Middle Potomac-Catoctin Basin,Recycled Water,2023-05,11180,39.0184955,-77.4388832,,,
Amazon,21641 CHARLES VIEW DR  STERLING 20166,Loudoun County -Central System ,Middle Potomac-Catoctin Basin,Recycled Water,2023-06,9387,39.0184955,-77.4388832,,,
Amazon,21641 CHARLES VIEW DR  STERLING 20166,Loudoun County -Central System ,Middle Potomac-Catoctin Basin,Recycled Water,2023-07,9619,39.0184955,-77.4388832,,,
Amazon,21641 CHARLES VIEW DR  STERLING 20166,Loudoun County -Central System ,Middle Potomac-Catoctin Basin,Recycled Water,2023-08,11314,39.0184955,-77.4388832,,,
Amazon,21641 CHARLES VIEW DR  STERLING 20166,Loudoun County -Central System ,Middle Potomac-Catoctin Basin,Recycled Water,2023-09,9953,39.0184955,-77.4388832,,,
Amazon,21641 CHARLES VIEW DR  STERLING 20166,Loudoun County -Central System ,Middle Potomac-Catoctin Basin,Recycled Water,2023-10,11552,39.0184955,-77.4388832,,,
Amazon,21641 CHARLES VIEW DR  STERLING 20166,Loudoun County -Central System ,Middle Potomac-Catoctin Basin,Recycled Water,2023-11,11144,39.0184955,-77.4388832,,,
Amazon,21641 CHARLES VIEW DR  STERLING 20166,Loudoun County -Central System ,Middle Potomac-Catoctin Basin,Recycled Water,2023-12,10639,39.0184955,-77.4388832,,,
Amazon,21641 CHARLES VIEW DR  STERLING 20166,Loudoun County -Central System ,Middle Potomac-Catoctin Basin,Recycled Water,2024-01,10465,39.0184955,-77.4388832,,,
Amazon,21641 CHARLES VIEW DR  STERLING 20166,Loudoun County -Central System ,Middle Potomac-Catoctin Basin,Recycled Water,2024-02,11359,39.0184955,-77.4388832,,,
Amazon,21641 CHARLES VIEW DR  STERLING 20166,Loudoun County -Central System ,Middle Potomac-Catoctin Basin,Recycled Water,2024-03,10578,39.0184955,-77.4388832,,,
Amazon,21641 CHARLES VIEW DR  STERLING 20166,Loudoun County -Central System ,Middle Potomac-Catoctin Basin,Recycled Water,2024-04,10071,39.0184955,-77.4388832,,,
Amazon,21641 CHARLES VIEW DR  STERLING 20166,Loudoun County -Central System ,Middle Potomac-Catoctin Basin,Recycled Water,2024-05,10101,39.0184955,-77.4388832,,,
Amazon,21641 CHARLES VIEW DR  STERLING 20166,Loudoun County -Central System ,Middle Potomac-Catoctin Basin,Recycled Water,2024-06,10053,39.0184955,-77.4388832,,,
Amazon,21641 CHARLES VIEW DR  STERLING 20166,Loudoun County -Central System ,Middle Potomac-Catoctin Basin,Recycled Water,2024-07,9978,39.0184955,-77.4388832,,,
Amazon,21641 CHARLES VIEW DR  STERLING 20166,Loudoun County -Central System ,Middle Potomac-Catoctin Basin,Recycled Water,2024-08,10256,39.0184955,-77.4388832,,,
Amazon,21641 CHARLES VIEW DR  STERLING 20166,Loudoun County -Central System ,Middle Potomac-Catoctin Basin,Recycled Water,2024-09,9010,39.0184955,-77.4388832,,,
Amazon,21641 CHARLES VIEW DR  STERLING 20166,Loudoun County -Central System ,Middle Potomac-Catoctin Basin,Recycled Water,2024-10,9278,39.0184955,-77.4388832,,,
Amazon,21641 CHARLES VIEW DR  STERLING 20166,Loudoun County -Central System ,Middle Potomac-Catoctin Basin,Recycled Water,2024-11,8607,39.0184955,-77.4388832,,,
Amazon,21641 CHARLES VIEW DR  STERLING 20166,Loudoun County -Central System ,Middle Potomac-Catoctin Basin,Recycled Water,2024-12,7528,39.0184955,-77.4388832,,,
Amazon,21641 CHARLES VIEW DR  STERLING 20166,Loudoun County -Central System ,Middle Potomac-Catoctin Basin,Recycled Water,2025-01,9353,39.0184955,-77.4388832,,,
Amazon,21641 CHARLES VIEW DR  STERLING 20166,Loudoun County -Central System ,Middle Potomac-Catoctin Basin,Recycled Water,2025-02,9413,39.0184955,-77.4388832,,,
Amazon,21641 CHARLES VIEW DR  STERLING 20166,Loudoun County -Central System ,Middle Potomac-Catoctin Basin,Recycled Water,2025-03,9945,39.0184955,-77.4388832,,,
Amazon,21641 CHARLES VIEW DR  STERLING 20166,Loudoun County -Central System ,Middle Potomac-Catoctin Basin,Recycled Water,2025-04,9106,39.0184955,-77.4388832,,,
Amazon,21641 CHARLES VIEW DR  STERLING 20166,Loudoun County -Central System ,Middle Potomac-Catoctin Basin,Recycled Water,2025-05,9626,39.0184955,-77.4388832,,,
Amazon,21641 CHARLES VIEW DR  STERLING 20166,Loudoun County -Central System ,Middle Potomac-Catoctin Basin,Recycled Water,2025-06,10030,39.0184955,-77.4388832,,,
Amazon,21641 CHARLES VIEW DR  STERLING 20166,Loudoun County -Central System ,Middle Potomac-Catoctin Basin,Recycled Water,2025-07,11021,39.0184955,-77.4388832,,,
Amazon,21641 CHARLES VIEW DR  STERLING 20166,Loudoun County -Central System ,Middle Potomac-Catoctin Basin,Recycled Water,2025-08,10748,39.0184955,-77.4388832,,,
Amazon,21641 CHARLES VIEW DR  STERLING 20166,Loudoun County -Central System ,Middle Potomac-Catoctin Basin,Recycled Water,2025-09,10121,39.0184955,-77.4388832,,,
Amazon,21641 CHARLES VIEW DR  STERLING 20166,Loudoun County -Central System ,Middle Potomac-Catoctin Basin,Recycled Water,2025-10,10635,39.0184955,-77.4388832,,,
Amazon,21641 CHARLES VIEW DR  STERLING 20166,Loudoun County -Central System ,Middle Potomac-Catoctin Basin,Recycled Water,2025-11,9263,39.0184955,-77.4388832,,,
Amazon,21641 CHARLES VIEW DR  STERLING 20166,Loudoun County -Central System ,Middle Potomac-Catoctin Basin,Recycled Water,2025-12,10524,39.0184955,-77.4388832,,,
Amazon,25390 SUTTON BAY PLZ CHANTILLY 20152,Loudoun County -Central System ,Middle Potomac-Catoctin Basin,Recycled Water,2023-01,-19,38.9154,-77.4809,,,
Amazon,25390 SUTTON BAY PLZ CHANTILLY 20152,Loudoun County -Central System ,Middle Potomac-Catoctin Basin,Recycled Water,2023-02,179,38.9154,-77.4809,,,
Amazon,25390 SUTTON BAY PLZ CHANTILLY 20152,Loudoun County -Central System ,Middle Potomac-Catoctin Basin,Recycled Water,2023-03,3120,38.9154,-77.4809,,,
Amazon,25390 SUTTON BAY PLZ CHANTILLY 20152,Loudoun County -Central System ,Middle Potomac-Catoctin Basin,Recycled Water,2023-04,48861,38.9154,-77.4809,,,
Amazon,25390 SUTTON BAY PLZ CHANTILLY 20152,Loudoun County -Central System ,Middle Potomac-Catoctin Basin,Recycled Water,2023-05,40869,38.9154,-77.4809,,,
Amazon,25390 SUTTON BAY PLZ CHANTILLY 20152,Loudoun County -Central System ,Middle Potomac-Catoctin Basin,Recycled Water,2023-06,75457,38.9154,-77.4809,,,
Amazon,25390 SUTTON BAY PLZ CHANTILLY 20152,Loudoun County -Central System ,Middle Potomac-Catoctin Basin,Recycled Water,2023-07,275844,38.9154,-77.4809,,,
Amazon,25390 SUTTON BAY PLZ CHANTILLY 20152,Loudoun County -Central System ,Middle Potomac-Catoctin Basin,Recycled Water,2023-08,242946,38.9154,-77.4809,,,
Amazon,25390 SUTTON BAY PLZ CHANTILLY 20152,Loudoun County -Central System ,Middle Potomac-Catoctin Basin,Recycled Water,2023-09,172814,38.9154,-77.4809,,,
Amazon,25390 SUTTON BAY PLZ CHANTILLY 20152,Loudoun County -Central System ,Middle Potomac-Catoctin Basin,Recycled Water,2023-10,58836,38.9154,-77.4809,,,
Amazon,25390 SUTTON BAY PLZ CHANTILLY 20152,Loudoun County -Central System ,Middle Potomac-Catoctin Basin,Recycled Water,2023-11,52461,38.9154,-77.4809,,,
Amazon,25390 SUTTON BAY PLZ CHANTILLY 20152,Loudoun County -Central System ,Middle Potomac-Catoctin Basin,Recycled Water,2024-04,20662,38.9154,-77.4809,,,
Amazon,25390 SUTTON BAY PLZ CHANTILLY 20152,Loudoun County -Central System ,Middle Potomac-Catoctin Basin,Recycled Water,2024-05,37664,38.9154,-77.4809,,,
Amazon,25390 SUTTON BAY PLZ CHANTILLY 20152,Loudoun County -Central System ,Middle Potomac-Catoctin Basin,Recycled Water,2024-06,137920,38.9154,-77.4809,,,
Amazon,25390 SUTTON BAY PLZ CHANTILLY 20152,Loudoun County -Central System ,Middle Potomac-Catoctin Basin,Recycled Water,2024-07,258520,38.9154,-77.4809,,,
Amazon,25390 SUTTON BAY PLZ CHANTILLY 20152,Loudoun County -Central System ,Middle Potomac-Catoctin Basin,Recycled Water,2024-08,132109,38.9154,-77.4809,,,
Amazon,25390 SUTTON BAY PLZ CHANTILLY 20152,Loudoun County -Central System ,Middle Potomac-Catoctin Basin,Recycled Water,2024-09,23409,38.9154,-77.4809,,,
Amazon,25390 SUTTON BAY PLZ CHANTILLY 20152,Loudoun County -Central System ,Middle Potomac-Catoctin Basin,Recycled Water,2024-10,94452,38.9154,-77.4809,,,
Amazon,25390 SUTTON BAY PLZ CHANTILLY 20152,Loudoun County -Central System ,Middle Potomac-Catoctin Basin,Recycled Water,2024-11,10632,38.9154,-77.4809,,,
Amazon,25390 SUTTON BAY PLZ CHANTILLY 20152,Loudoun County -Central System ,Middle Potomac-Catoctin Basin,Recycled Water,2025-02,2198,38.9154,-77.4809,,,
Amazon,25390 SUTTON BAY PLZ CHANTILLY 20152,Loudoun County -Central System ,Middle Potomac-Catoctin Basin,Recycled Water,2025-03,996,38.9154,-77.4809,,,
Amazon,25390 SUTTON BAY PLZ CHANTILLY 20152,Loudoun County -Central System ,Middle Potomac-Catoctin Basin,Recycled Water,2025-04,8534,38.9154,-77.4809,,,
Amazon,25390 SUTTON BAY PLZ CHANTILLY 20152,Loudoun County -Central System ,Middle Potomac-Catoctin Basin,Recycled Water,2025-05,10310,38.9154,-77.4809,,,
Amazon,25390 SUTTON BAY PLZ CHANTILLY 20152,Loudoun County -Central System ,Middle Potomac-Catoctin Basin,Recycled Water,2025-06,76741,38.9154,-77.4809,,,
Amazon,25390 SUTTON BAY PLZ CHANTILLY 20152,Loudoun County -Central System ,Middle Potomac-Catoctin Basin,Recycled Water,2025-07,96633,38.9154,-77.4809,,,
Amazon,25390 SUTTON BAY PLZ CHANTILLY 20152,Loudoun County -Central System ,Middle Potomac-Catoctin Basin,Recycled Water,2025-08,63205,38.9154,-77.4809,,,
Amazon,25390 SUTTON BAY PLZ CHANTILLY 20152,Loudoun County -Central System ,Middle Potomac-Catoctin Basin,Recycled Water,2025-09,35588,38.9154,-77.4809,,,
Amazon,25390 SUTTON BAY PLZ CHANTILLY 20152,Loudoun County -Central System ,Middle Potomac-Catoctin Basin,Recycled Water,2025-10,107588,38.9154,-77.4809,,,
Amazon,25390 SUTTON BAY PLZ CHANTILLY 20152,Loudoun County -Central System ,Middle Potomac-Catoctin Basin,Recycled Water,2025-11,7159,38.9154,-77.4809,,,
Amazon,21310 BEAUMEADE CIR  ASHBURN 20147,Loudoun County -Central System ,Middle Potomac-Catoctin Basin,Recycled Water,2023-02,274,38.91698083,-77.47772665,,,
Amazon,21310 BEAUMEADE CIR  ASHBURN 20147,Loudoun County -Central System ,Middle Potomac-Catoctin Basin,Recycled Water,2023-06,42094,38.91698083,-77.47772665,,,
Amazon,21310 BEAUMEADE CIR  ASHBURN 20147,Loudoun County -Central System ,Middle Potomac-Catoctin Basin,Recycled Water,2023-07,9179,38.91698083,-77.47772665,,,
Amazon,21310 BEAUMEADE CIR  ASHBURN 20147,Loudoun County -Central System ,Middle Potomac-Catoctin Basin,Recycled Water,2023-08,2707,38.91698083,-77.47772665,,,
Amazon,21310 BEAUMEADE CIR  ASHBURN 20147,Loudoun County -Central System ,Middle Potomac-Catoctin Basin,Recycled Water,2023-09,6843,38.91698083,-77.47772665,,,
Amazon,21310 BEAUMEADE CIR  ASHBURN 20147,Loudoun County -Central System ,Middle Potomac-Catoctin Basin,Recycled Water,2023-10,13408,38.91698083,-77.47772665,,,
Amazon,21310 BEAUMEADE CIR  ASHBURN 20147,Loudoun County -Central System ,Middle Potomac-Catoctin Basin,Recycled Water,2023-11,2056,38.91698083,-77.47772665,,,
Amazon,21310 BEAUMEADE CIR  ASHBURN 20147,Loudoun County -Central System ,Middle Potomac-Catoctin Basin,Recycled Water,2023-12,223,38.91698083,-77.47772665,,,
Amazon,21310 BEAUMEADE CIR  ASHBURN 20147,Loudoun County -Central System ,Middle Potomac-Catoctin Basin,Recycled Water,2024-01,136,38.91698083,-77.47772665,,,
Amazon,21310 BEAUMEADE CIR  ASHBURN 20147,Loudoun County -Central System ,Middle Potomac-Catoctin Basin,Recycled Water,2024-02,61,38.91698083,-77.47772665,,,
Amazon,21310 BEAUMEADE CIR  ASHBURN 20147,Loudoun County -Central System ,Middle Potomac-Catoctin Basin,Recycled Water,2024-07,108429,38.91698083,-77.47772665,,,
Amazon,21310 BEAUMEADE CIR  ASHBURN 20147,Loudoun County -Central System ,Middle Potomac-Catoctin Basin,Recycled Water,2024-08,252,38.91698083,-77.47772665,,,
Amazon,21310 BEAUMEADE CIR  ASHBURN 20147,Loudoun County -Central System ,Middle Potomac-Catoctin Basin,Recycled Water,2024-09,47,38.91698083,-77.47772665,,,
Amazon,21310 BEAUMEADE CIR  ASHBURN 20147,Loudoun County -Central System ,Middle Potomac-Catoctin Basin,Recycled Water,2024-10,19,38.91698083,-77.47772665,,,
Amazon,21310 BEAUMEADE CIR  ASHBURN 20147,Loudoun County -Central System ,Middle Potomac-Catoctin Basin,Recycled Water,2024-11,25,38.91698083,-77.47772665,,,
Amazon,21310 BEAUMEADE CIR  ASHBURN 20147,Loudoun County -Central System ,Middle Potomac-Catoctin Basin,Recycled Water,2024-12,72,38.91698083,-77.47772665,,,
Amazon,21310 BEAUMEADE CIR  ASHBURN 20147,Loudoun County -Central System ,Middle Potomac-Catoctin Basin,Recycled Water,2025-01,19,38.91698083,-77.47772665,,,
Amazon,22760 PACIFIC BLVD  STERLING 20166,Loudoun County -Central System ,Middle Potomac-Catoctin Basin,Recycled Water,2023-01,2420,38.9865899,-77.4353196,,,
Amazon,22760 PACIFIC BLVD  STERLING 20166,Loudoun County -Central System ,Middle Potomac-Catoctin Basin,Recycled Water,2023-02,12647,38.9865899,-77.4353196,,,
Amazon,22760 PACIFIC BLVD  STERLING 20166,Loudoun County -Central System ,Middle Potomac-Catoctin Basin,Recycled Water,2023-03,21392,38.9865899,-77.4353196,,,
Amazon,22760 PACIFIC BLVD  STERLING 20166,Loudoun County -Central System ,Middle Potomac-Catoctin Basin,Recycled Water,2023-04,23444,38.9865899,-77.4353196,,,
Amazon,22760 PACIFIC BLVD  STERLING 20166,Loudoun County -Central System ,Middle Potomac-Catoctin Basin,Recycled Water,2023-05,17748,38.9865899,-77.4353196,,,
Amazon,22760 PACIFIC BLVD  STERLING 20166,Loudoun County -Central System ,Middle Potomac-Catoctin Basin,Recycled Water,2023-06,18211,38.9865899,-77.4353196,,,
Amazon,22760 PACIFIC BLVD  STERLING 20166,Loudoun County -Central System ,Middle Potomac-Catoctin Basin,Recycled Water,2023-07,20170,38.9865899,-77.4353196,,,
Amazon,22760 PACIFIC BLVD  STERLING 20166,Loudoun County -Central System ,Middle Potomac-Catoctin Basin,Recycled Water,2023-08,17956,38.9865899,-77.4353196,,,
Amazon,22760 PACIFIC BLVD  STERLING 20166,Loudoun County -Central System ,Middle Potomac-Catoctin Basin,Recycled Water,2023-09,18999,38.9865899,-77.4353196,,,
Amazon,22760 PACIFIC BLVD  STERLING 20166,Loudoun County -Central System ,Middle Potomac-Catoctin Basin,Recycled Water,2023-10,22762,38.9865899,-77.4353196,,,
Amazon,22760 PACIFIC BLVD  STERLING 20166,Loudoun County -Central System ,Middle Potomac-Catoctin Basin,Recycled Water,2023-11,21200,38.9865899,-77.4353196,,,
Amazon,22760 PACIFIC BLVD  STERLING 20166,Loudoun County -Central System ,Middle Potomac-Catoctin Basin,Recycled Water,2023-12,19885,38.9865899,-77.4353196,,,
Amazon,22760 PACIFIC BLVD  STERLING 20166,Loudoun County -Central System ,Middle Potomac-Catoctin Basin,Recycled Water,2024-01,21694,38.9865899,-77.4353196,,,
Amazon,22760 PACIFIC BLVD  STERLING 20166,Loudoun County -Central System ,Middle Potomac-Catoctin Basin,Recycled Water,2024-02,21309,38.9865899,-77.4353196,,,
Amazon,22760 PACIFIC BLVD  STERLING 20166,Loudoun County -Central System ,Middle Potomac-Catoctin Basin,Recycled Water,2024-03,20017,38.9865899,-77.4353196,,,
Amazon,22760 PACIFIC BLVD  STERLING 20166,Loudoun County -Central System ,Middle Potomac-Catoctin Basin,Recycled Water,2024-04,21093,38.9865899,-77.4353196,,,
Amazon,22760 PACIFIC BLVD  STERLING 20166,Loudoun County -Central System ,Middle Potomac-Catoctin Basin,Recycled Water,2024-05,19539,38.9865899,-77.4353196,,,
Amazon,22760 PACIFIC BLVD  STERLING 20166,Loudoun County -Central System ,Middle Potomac-Catoctin Basin,Recycled Water,2024-06,19707,38.9865899,-77.4353196,,,
Amazon,22755 RELOCATION DR  STERLING 20166,Loudoun County -Central System ,Middle Potomac-Catoctin Basin,Recycled Water,2023-01,4527,38.9870026,-77.4426446,,,
Amazon,22755 RELOCATION DR  STERLING 20166,Loudoun County -Central System ,Middle Potomac-Catoctin Basin,Recycled Water,2023-02,4101,38.9870026,-77.4426446,,,
Amazon,22755 RELOCATION DR  STERLING 20166,Loudoun County -Central System ,Middle Potomac-Catoctin Basin,Recycled Water,2023-03,4436,38.9870026,-77.4426446,,,
Amazon,22755 RELOCATION DR  STERLING 20166,Loudoun County -Central System ,Middle Potomac-Catoctin Basin,Recycled Water,2023-04,4625,38.9870026,-77.4426446,,,
Amazon,22755 RELOCATION DR  STERLING 20166,Loudoun County -Central System ,Middle Potomac-Catoctin Basin,Recycled Water,2023-05,5141,38.9870026,-77.4426446,,,
Amazon,22755 RELOCATION DR  STERLING 20166,Loudoun County -Central System ,Middle Potomac-Catoctin Basin,Recycled Water,2023-06,4295,38.9870026,-77.4426446,,,
Amazon,22755 RELOCATION DR  STERLING 20166,Loudoun County -Central System ,Middle Potomac-Catoctin Basin,Recycled Water,2023-07,5394,38.9870026,-77.4426446,,,
Amazon,22755 RELOCATION DR  STERLING 20166,Loudoun County -Central System ,Middle Potomac-Catoctin Basin,Recycled Water,2023-08,6634,38.9870026,-77.4426446,,,
Amazon,22755 RELOCATION DR  STERLING 20166,Loudoun County -Central System ,Middle Potomac-Catoctin Basin,Recycled Water,2023-09,5217,38.9870026,-77.4426446,,,
Amazon,22755 RELOCATION DR  STERLING 20166,Loudoun County -Central System ,Middle Potomac-Catoctin Basin,Recycled Water,2023-10,5091,38.9870026,-77.4426446,,,
Amazon,22755 RELOCATION DR  STERLING 20166,Loudoun County -Central System ,Middle Potomac-Catoctin Basin,Recycled Water,2023-11,4419,38.9870026,-77.4426446,,,
Amazon,22755 RELOCATION DR  STERLING 20166,Loudoun County -Central System ,Middle Potomac-Catoctin Basin,Recycled Water,2023-12,4717,38.9870026,-77.4426446,,,
Amazon,22755 RELOCATION DR  STERLING 20166,Loudoun County -Central System ,Middle Potomac-Catoctin Basin,Recycled Water,2024-01,5528,38.9870026,-77.4426446,,,
Amazon,22755 RELOCATION DR  STERLING 20166,Loudoun County -Central System ,Middle Potomac-Catoctin Basin,Recycled Water,2024-02,4584,38.9870026,-77.4426446,,,
Amazon,22755 RELOCATION DR  STERLING 20166,Loudoun County -Central System ,Middle Potomac-Catoctin Basin,Recycled Water,2024-03,4786,38.9870026,-77.4426446,,,
Amazon,22755 RELOCATION DR  STERLING 20166,Loudoun County -Central System ,Middle Potomac-Catoctin Basin,Recycled Water,2024-04,5136,38.9870026,-77.4426446,,,
Amazon,22755 RELOCATION DR  STERLING 20166,Loudoun County -Central System ,Middle Potomac-Catoctin Basin,Recycled Water,2024-05,4801,38.9870026,-77.4426446,,,
Amazon,22755 RELOCATION DR  STERLING 20166,Loudoun County -Central System ,Middle Potomac-Catoctin Basin,Recycled Water,2024-06,4677,38.9870026,-77.4426446,,,
Amazon,22755 RELOCATION DR  STERLING 20166,Loudoun County -Central System ,Middle Potomac-Catoctin Basin,Recycled Water,2024-07,8637,38.9870026,-77.4426446,,,
Amazon,22755 RELOCATION DR  STERLING 20166,Loudoun County -Central System ,Middle Potomac-Catoctin Basin,Recycled Water,2024-08,5485,38.9870026,-77.4426446,,,
Amazon,22755 RELOCATION DR  STERLING 20166,Loudoun County -Central System ,Middle Potomac-Catoctin Basin,Recycled Water,2024-09,4800,38.9870026,-77.4426446,,,
Amazon,22755 RELOCATION DR  STERLING 20166,Loudoun County -Central System ,Middle Potomac-Catoctin Basin,Recycled Water,2024-10,6411,38.9870026,-77.4426446,,,
Amazon,22755 RELOCATION DR  STERLING 20166,Loudoun County -Central System ,Middle Potomac-Catoctin Basin,Recycled Water,2024-11,6358,38.9870026,-77.4426446,,,
Amazon,22755 RELOCATION DR  STERLING 20166,Loudoun County -Central System ,Middle Potomac-Catoctin Basin,Recycled Water,2024-12,3667,38.9870026,-77.4426446,,,
Amazon,22755 RELOCATION DR  STERLING 20166,Loudoun County -Central System ,Middle Potomac-Catoctin Basin,Recycled Water,2025-01,3339,38.9870026,-77.4426446,,,
Amazon,22755 RELOCATION DR  STERLING 20166,Loudoun County -Central System ,Middle Potomac-Catoctin Basin,Recycled Water,2025-02,3096,38.9870026,-77.4426446,,,
Amazon,22755 RELOCATION DR  STERLING 20166,Loudoun County -Central System ,Middle Potomac-Catoctin Basin,Recycled Water,2025-03,3693,38.9870026,-77.4426446,,,
Amazon,22755 RELOCATION DR  STERLING 20166,Loudoun County -Central System ,Middle Potomac-Catoctin Basin,Recycled Water,2025-04,3894,38.9870026,-77.4426446,,,
Amazon,22755 RELOCATION DR  STERLING 20166,Loudoun County -Central System ,Middle Potomac-Catoctin Basin,Recycled Water,2025-05,3752,38.9870026,-77.4426446,,,
Amazon,22755 RELOCATION DR  STERLING 20166,Loudoun County -Central System ,Middle Potomac-Catoctin Basin,Recycled Water,2025-06,3014,38.9870026,-77.4426446,,,
Amazon,22755 RELOCATION DR  STERLING 20166,Loudoun County -Central System ,Middle Potomac-Catoctin Basin,Recycled Water,2025-07,448950,38.9870026,-77.4426446,,,
Amazon,22755 RELOCATION DR  STERLING 20166,Loudoun County -Central System ,Middle Potomac-Catoctin Basin,Recycled Water,2025-08,374184,38.9870026,-77.4426446,,,
Amazon,22755 RELOCATION DR  STERLING 20166,Loudoun County -Central System ,Middle Potomac-Catoctin Basin,Recycled Water,2025-09,3958,38.9870026,-77.4426446,,,
Amazon,22755 RELOCATION DR  STERLING 20166,Loudoun County -Central System ,Middle Potomac-Catoctin Basin,Recycled Water,2025-10,5088,38.9870026,-77.4426446,,,
Amazon,22755 RELOCATION DR  STERLING 20166,Loudoun County -Central System ,Middle Potomac-Catoctin Basin,Recycled Water,2025-11,4160,38.9870026,-77.4426446,,,
Amazon,22755 RELOCATION DR  STERLING 20166,Loudoun County -Central System ,Middle Potomac-Catoctin Basin,Recycled Water,2025-12,4779,38.9870026,-77.4426446,,,
Amazon,24178 UPPER WOODSIDE LN  STERLING 20166,Loudoun County -Central System ,Middle Potomac-Catoctin Basin,Recycled Water,2023-01,5905,38.94870607,-77.52189249,,,
Amazon,24178 UPPER WOODSIDE LN  STERLING 20166,Loudoun County -Central System ,Middle Potomac-Catoctin Basin,Recycled Water,2023-02,3982,38.94870607,-77.52189249,,,
Amazon,24178 UPPER WOODSIDE LN  STERLING 20166,Loudoun County -Central System ,Middle Potomac-Catoctin Basin,Recycled Water,2023-03,4841,38.94870607,-77.52189249,,,
Amazon,24178 UPPER WOODSIDE LN  STERLING 20166,Loudoun County -Central System ,Middle Potomac-Catoctin Basin,Recycled Water,2023-04,4850,38.94870607,-77.52189249,,,
Amazon,24178 UPPER WOODSIDE LN  STERLING 20166,Loudoun County -Central System ,Middle Potomac-Catoctin Basin,Recycled Water,2023-05,5142,38.94870607,-77.52189249,,,
Amazon,24178 UPPER WOODSIDE LN  STERLING 20166,Loudoun County -Central System ,Middle Potomac-Catoctin Basin,Recycled Water,2023-06,4522,38.94870607,-77.52189249,,,
Amazon,24178 UPPER WOODSIDE LN  STERLING 20166,Loudoun County -Central System ,Middle Potomac-Catoctin Basin,Recycled Water,2023-07,7372,38.94870607,-77.52189249,,,
Amazon,24178 UPPER WOODSIDE LN  STERLING 20166,Loudoun County -Central System ,Middle Potomac-Catoctin Basin,Recycled Water,2023-08,6313,38.94870607,-77.52189249,,,
Amazon,24178 UPPER WOODSIDE LN  STERLING 20166,Loudoun County -Central System ,Middle Potomac-Catoctin Basin,Recycled Water,2023-09,5635,38.94870607,-77.52189249,,,
Amazon,24178 UPPER WOODSIDE LN  STERLING 20166,Loudoun County -Central System ,Middle Potomac-Catoctin Basin,Recycled Water,2023-10,5450,38.94870607,-77.52189249,,,
Amazon,24178 UPPER WOODSIDE LN  STERLING 20166,Loudoun County -Central System ,Middle Potomac-Catoctin Basin,Recycled Water,2023-11,4753,38.94870607,-77.52189249,,,
Amazon,24178 UPPER WOODSIDE LN  STERLING 20166,Loudoun County -Central System ,Middle Potomac-Catoctin Basin,Recycled Water,2023-12,4338,38.94870607,-77.52189249,,,
Amazon,24178 UPPER WOODSIDE LN  STERLING 20166,Loudoun County -Central System ,Middle Potomac-Catoctin Basin,Recycled Water,2024-01,4590,38.94870607,-77.52189249,,,
Amazon,24178 UPPER WOODSIDE LN  STERLING 20166,Loudoun County -Central System ,Middle Potomac-Catoctin Basin,Recycled Water,2024-02,4826,38.94870607,-77.52189249,,,
Amazon,24178 UPPER WOODSIDE LN  STERLING 20166,Loudoun County -Central System ,Middle Potomac-Catoctin Basin,Recycled Water,2024-03,6175,38.94870607,-77.52189249,,,
Amazon,24178 UPPER WOODSIDE LN  STERLING 20166,Loudoun County -Central System ,Middle Potomac-Catoctin Basin,Recycled Water,2024-04,5573,38.94870607,-77.52189249,,,
Amazon,24178 UPPER WOODSIDE LN  STERLING 20166,Loudoun County -Central System ,Middle Potomac-Catoctin Basin,Recycled Water,2024-05,5947,38.94870607,-77.52189249,,,
Amazon,24178 UPPER WOODSIDE LN  STERLING 20166,Loudoun County -Central System ,Middle Potomac-Catoctin Basin,Recycled Water,2024-06,4726,38.94870607,-77.52189249,,,
Amazon,24178 UPPER WOODSIDE LN  STERLING 20166,Loudoun County -Central System ,Middle Potomac-Catoctin Basin,Recycled Water,2024-07,5043,38.94870607,-77.52189249,,,
Amazon,24178 UPPER WOODSIDE LN  STERLING 20166,Loudoun County -Central System ,Middle Potomac-Catoctin Basin,Recycled Water,2024-08,5158,38.94870607,-77.52189249,,,
Amazon,24178 UPPER WOODSIDE LN  STERLING 20166,Loudoun County -Central System ,Middle Potomac-Catoctin Basin,Recycled Water,2024-09,4543,38.94870607,-77.52189249,,,
Amazon,24178 UPPER WOODSIDE LN  STERLING 20166,Loudoun County -Central System ,Middle Potomac-Catoctin Basin,Recycled Water,2024-10,5315,38.94870607,-77.52189249,,,
Amazon,24178 UPPER WOODSIDE LN  STERLING 20166,Loudoun County -Central System ,Middle Potomac-Catoctin Basin,Recycled Water,2024-11,4015,38.94870607,-77.52189249,,,
Amazon,24178 UPPER WOODSIDE LN  STERLING 20166,Loudoun County -Central System ,Middle Potomac-Catoctin Basin,Recycled Water,2024-12,4003,38.94870607,-77.52189249,,,
Amazon,24178 UPPER WOODSIDE LN  STERLING 20166,Loudoun County -Central System ,Middle Potomac-Catoctin Basin,Recycled Water,2025-01,4725,38.94870607,-77.52189249,,,
Amazon,24178 UPPER WOODSIDE LN  STERLING 20166,Loudoun County -Central System ,Middle Potomac-Catoctin Basin,Recycled Water,2025-02,4513,38.94870607,-77.52189249,,,
Amazon,24178 UPPER WOODSIDE LN  STERLING 20166,Loudoun County -Central System ,Middle Potomac-Catoctin Basin,Recycled Water,2025-03,4375,38.94870607,-77.52189249,,,
Amazon,24178 UPPER WOODSIDE LN  STERLING 20166,Loudoun County -Central System ,Middle Potomac-Catoctin Basin,Recycled Water,2025-04,5146,38.94870607,-77.52189249,,,
Amazon,24178 UPPER WOODSIDE LN  STERLING 20166,Loudoun County -Central System ,Middle Potomac-Catoctin Basin,Recycled Water,2025-05,4406,38.94870607,-77.52189249,,,
Amazon,24178 UPPER WOODSIDE LN  STERLING 20166,Loudoun County -Central System ,Middle Potomac-Catoctin Basin,Recycled Water,2025-06,10128,38.94870607,-77.52189249,,,
Amazon,24178 UPPER WOODSIDE LN  STERLING 20166,Loudoun County -Central System ,Middle Potomac-Catoctin Basin,Recycled Water,2025-07,4924,38.94870607,-77.52189249,,,
Amazon,24178 UPPER WOODSIDE LN  STERLING 20166,Loudoun County -Central System ,Middle Potomac-Catoctin Basin,Recycled Water,2025-08,5713,38.94870607,-77.52189249,,,
Amazon,24178 UPPER WOODSIDE LN  STERLING 20166,Loudoun County -Central System ,Middle Potomac-Catoctin Basin,Recycled Water,2025-09,7437,38.94870607,-77.52189249,,,
Amazon,24178 UPPER WOODSIDE LN  STERLING 20166,Loudoun County -Central System ,Middle Potomac-Catoctin Basin,Recycled Water,2025-10,6617,38.94870607,-77.52189249,,,
Amazon,24178 UPPER WOODSIDE LN  STERLING 20166,Loudoun County -Central System ,Middle Potomac-Catoctin Basin,Recycled Water,2025-11,5944,38.94870607,-77.52189249,,,
Amazon,24178 UPPER WOODSIDE LN  STERLING 20166,Loudoun County -Central System ,Middle Potomac-Catoctin Basin,Recycled Water,2025-12,7066,38.94870607,-77.52189249,,,
Amazon,42800 FADELEY LN STERLING 20166,Loudoun County -Central System ,Middle Potomac-Catoctin Basin,Recycled Water,2023-04,47330,38.9492565,-77.5198092,,,
Amazon,42800 FADELEY LN STERLING 20166,Loudoun County -Central System ,Middle Potomac-Catoctin Basin,Recycled Water,2023-05,25109,38.9492565,-77.5198092,,,
Amazon,42800 FADELEY LN STERLING 20166,Loudoun County -Central System ,Middle Potomac-Catoctin Basin,Recycled Water,2023-06,67322,38.9492565,-77.5198092,,,
Amazon,42800 FADELEY LN STERLING 20166,Loudoun County -Central System ,Middle Potomac-Catoctin Basin,Recycled Water,2023-07,146783,38.9492565,-77.5198092,,,
Amazon,42800 FADELEY LN STERLING 20166,Loudoun County -Central System ,Middle Potomac-Catoctin Basin,Recycled Water,2023-08,113127,38.9492565,-77.5198092,,,
Amazon,42800 FADELEY LN STERLING 20166,Loudoun County -Central System ,Middle Potomac-Catoctin Basin,Recycled Water,2023-09,58743,38.9492565,-77.5198092,,,
Amazon,42800 FADELEY LN STERLING 20166,Loudoun County -Central System ,Middle Potomac-Catoctin Basin,Recycled Water,2023-10,13314,38.9492565,-77.5198092,,,
Amazon,42800 FADELEY LN STERLING 20166,Loudoun County -Central System ,Middle Potomac-Catoctin Basin,Recycled Water,2023-11,106,38.9492565,-77.5198092,,,
Amazon,42800 FADELEY LN STERLING 20166,Loudoun County -Central System ,Middle Potomac-Catoctin Basin,Recycled Water,2024-01,2,38.9492565,-77.5198092,,,
Amazon,42800 FADELEY LN STERLING 20166,Loudoun County -Central System ,Middle Potomac-Catoctin Basin,Recycled Water,2024-03,5,38.9492565,-77.5198092,,,
Amazon,42800 FADELEY LN STERLING 20166,Loudoun County -Central System ,Middle Potomac-Catoctin Basin,Recycled Water,2024-04,32086,38.9492565,-77.5198092,,,
Amazon,42800 FADELEY LN STERLING 20166,Loudoun County -Central System ,Middle Potomac-Catoctin Basin,Recycled Water,2024-05,19936,38.9492565,-77.5198092,,,
Amazon,42800 FADELEY LN STERLING 20166,Loudoun County -Central System ,Middle Potomac-Catoctin Basin,Recycled Water,2024-06,68966,38.9492565,-77.5198092,,,
Amazon,42800 FADELEY LN STERLING 20166,Loudoun County -Central System ,Middle Potomac-Catoctin Basin,Recycled Water,2024-07,104799,38.9492565,-77.5198092,,,
Amazon,42800 FADELEY LN STERLING 20166,Loudoun County -Central System ,Middle Potomac-Catoctin Basin,Recycled Water,2024-08,69738,38.9492565,-77.5198092,,,
Amazon,42800 FADELEY LN STERLING 20166,Loudoun County -Central System ,Middle Potomac-Catoctin Basin,Recycled Water,2024-09,12587,38.9492565,-77.5198092,,,
Amazon,42800 FADELEY LN STERLING 20166,Loudoun County -Central System ,Middle Potomac-Catoctin Basin,Recycled Water,2024-10,3508,38.9492565,-77.5198092,,,
Amazon,42800 FADELEY LN STERLING 20166,Loudoun County -Central System ,Middle Potomac-Catoctin Basin,Recycled Water,2024-11,17,38.9492565,-77.5198092,,,
Amazon,42800 FADELEY LN STERLING 20166,Loudoun County -Central System ,Middle Potomac-Catoctin Basin,Recycled Water,2024-12,14,38.9492565,-77.5198092,,,
Amazon,42800 FADELEY LN STERLING 20166,Loudoun County -Central System ,Middle Potomac-Catoctin Basin,Recycled Water,2025-01,19,38.9492565,-77.5198092,,,
Amazon,42800 FADELEY LN STERLING 20166,Loudoun County -Central System ,Middle Potomac-Catoctin Basin,Recycled Water,2025-02,12,38.9492565,-77.5198092,,,
Amazon,42800 FADELEY LN STERLING 20166,Loudoun County -Central System ,Middle Potomac-Catoctin Basin,Recycled Water,2025-03,7,38.9492565,-77.5198092,,,
Amazon,42800 FADELEY LN STERLING 20166,Loudoun County -Central System ,Middle Potomac-Catoctin Basin,Recycled Water,2025-04,21619,38.9492565,-77.5198092,,,
Amazon,42800 FADELEY LN STERLING 20166,Loudoun County -Central System ,Middle Potomac-Catoctin Basin,Recycled Water,2025-05,4369,38.9492565,-77.5198092,,,
Amazon,42800 FADELEY LN STERLING 20166,Loudoun County -Central System ,Middle Potomac-Catoctin Basin,Recycled Water,2025-06,55677,38.9492565,-77.5198092,,,
Amazon,42800 FADELEY LN STERLING 20166,Loudoun County -Central System ,Middle Potomac-Catoctin Basin,Recycled Water,2025-07,70707,38.9492565,-77.5198092,,,
Amazon,42800 FADELEY LN STERLING 20166,Loudoun County -Central System ,Middle Potomac-Catoctin Basin,Recycled Water,2025-08,18383,38.9492565,-77.5198092,,,
Amazon,42800 FADELEY LN STERLING 20166,Loudoun County -Central System ,Middle Potomac-Catoctin Basin,Recycled Water,2025-09,8989,38.9492565,-77.5198092,,,
Amazon,42800 FADELEY LN STERLING 20166,Loudoun County -Central System ,Middle Potomac-Catoctin Basin,Recycled Water,2025-10,768,38.91698083,-77.47772665,,,
Amazon,25430 SUTTON BAY PLZ  CHANTILLY 20152,Loudoun County -Central System ,Middle Potomac-Catoctin Basin,Recycled Water,2023-01,4513,38.91698083,-77.47772665,,,
Amazon,25430 SUTTON BAY PLZ  CHANTILLY 20152,Loudoun County -Central System ,Middle Potomac-Catoctin Basin,Recycled Water,2023-02,4653,38.91698083,-77.47772665,,,
Amazon,25430 SUTTON BAY PLZ  CHANTILLY 20152,Loudoun County -Central System ,Middle Potomac-Catoctin Basin,Recycled Water,2023-03,4468,38.91698083,-77.47772665,,,
Amazon,25430 SUTTON BAY PLZ  CHANTILLY 20152,Loudoun County -Central System ,Middle Potomac-Catoctin Basin,Recycled Water,2023-04,4429,38.91698083,-77.47772665,,,
Amazon,25430 SUTTON BAY PLZ  CHANTILLY 20152,Loudoun County -Central System ,Middle Potomac-Catoctin Basin,Recycled Water,2023-05,4912,38.91698083,-77.47772665,,,
Amazon,25430 SUTTON BAY PLZ  CHANTILLY 20152,Loudoun County -Central System ,Middle Potomac-Catoctin Basin,Recycled Water,2023-06,5224,38.91698083,-77.47772665,,,
Amazon,25430 SUTTON BAY PLZ  CHANTILLY 20152,Loudoun County -Central System ,Middle Potomac-Catoctin Basin,Recycled Water,2023-07,5511,38.91698083,-77.47772665,,,
Amazon,25430 SUTTON BAY PLZ  CHANTILLY 20152,Loudoun County -Central System ,Middle Potomac-Catoctin Basin,Recycled Water,2023-08,7338,38.91698083,-77.47772665,,,
Amazon,25430 SUTTON BAY PLZ  CHANTILLY 20152,Loudoun County -Central System ,Middle Potomac-Catoctin Basin,Recycled Water,2023-09,6146,38.91698083,-77.47772665,,,
Amazon,25430 SUTTON BAY PLZ  CHANTILLY 20152,Loudoun County -Central System ,Middle Potomac-Catoctin Basin,Recycled Water,2023-10,7564,38.91698083,-77.47772665,,,
Amazon,25430 SUTTON BAY PLZ  CHANTILLY 20152,Loudoun County -Central System ,Middle Potomac-Catoctin Basin,Recycled Water,2023-11,6797,38.91698083,-77.47772665,,,
Amazon,25430 SUTTON BAY PLZ  CHANTILLY 20152,Loudoun County -Central System ,Middle Potomac-Catoctin Basin,Recycled Water,2023-12,5776,38.91698083,-77.47772665,,,
Amazon,25430 SUTTON BAY PLZ  CHANTILLY 20152,Loudoun County -Central System ,Middle Potomac-Catoctin Basin,Recycled Water,2024-01,6363,38.91698083,-77.47772665,,,
Amazon,25430 SUTTON BAY PLZ  CHANTILLY 20152,Loudoun County -Central System ,Middle Potomac-Catoctin Basin,Recycled Water,2024-02,5965,38.91698083,-77.47772665,,,
Amazon,25430 SUTTON BAY PLZ  CHANTILLY 20152,Loudoun County -Central System ,Middle Potomac-Catoctin Basin,Recycled Water,2024-03,7119,38.91698083,-77.47772665,,,
Amazon,25430 SUTTON BAY PLZ  CHANTILLY 20152,Loudoun County -Central System ,Middle Potomac-Catoctin Basin,Recycled Water,2024-04,7163,38.91698083,-77.47772665,,,
Amazon,25430 SUTTON BAY PLZ  CHANTILLY 20152,Loudoun County -Central System ,Middle Potomac-Catoctin Basin,Recycled Water,2024-05,6969,38.91698083,-77.47772665,,,
Amazon,25430 SUTTON BAY PLZ  CHANTILLY 20152,Loudoun County -Central System ,Middle Potomac-Catoctin Basin,Recycled Water,2024-06,5773,38.91698083,-77.47772665,,,
Amazon,25430 SUTTON BAY PLZ  CHANTILLY 20152,Loudoun County -Central System ,Middle Potomac-Catoctin Basin,Recycled Water,2024-07,6152,38.91698083,-77.47772665,,,
Amazon,25430 SUTTON BAY PLZ  CHANTILLY 20152,Loudoun County -Central System ,Middle Potomac-Catoctin Basin,Recycled Water,2024-08,6926,38.91698083,-77.47772665,,,
Amazon,25430 SUTTON BAY PLZ  CHANTILLY 20152,Loudoun County -Central System ,Middle Potomac-Catoctin Basin,Recycled Water,2024-09,5227,38.91698083,-77.47772665,,,
Amazon,25430 SUTTON BAY PLZ  CHANTILLY 20152,Loudoun County -Central System ,Middle Potomac-Catoctin Basin,Recycled Water,2024-10,5449,38.91698083,-77.47772665,,,
Amazon,25430 SUTTON BAY PLZ  CHANTILLY 20152,Loudoun County -Central System ,Middle Potomac-Catoctin Basin,Recycled Water,2024-11,4902,38.91698083,-77.47772665,,,
Amazon,25430 SUTTON BAY PLZ  CHANTILLY 20152,Loudoun County -Central System ,Middle Potomac-Catoctin Basin,Recycled Water,2024-12,5040,38.91698083,-77.47772665,,,
Amazon,25430 SUTTON BAY PLZ  CHANTILLY 20152,Loudoun County -Central System ,Middle Potomac-Catoctin Basin,Recycled Water,2025-01,8599,38.91698083,-77.47772665,,,
Amazon,25430 SUTTON BAY PLZ  CHANTILLY 20152,Loudoun County -Central System ,Middle Potomac-Catoctin Basin,Recycled Water,2025-02,4732,38.91698083,-77.47772665,,,
Amazon,25430 SUTTON BAY PLZ  CHANTILLY 20152,Loudoun County -Central System ,Middle Potomac-Catoctin Basin,Recycled Water,2025-03,4512,38.91698083,-77.47772665,,,
Amazon,25430 SUTTON BAY PLZ  CHANTILLY 20152,Loudoun County -Central System ,Middle Potomac-Catoctin Basin,Recycled Water,2025-04,4779,38.91698083,-77.47772665,,,
Amazon,25430 SUTTON BAY PLZ  CHANTILLY 20152,Loudoun County -Central System ,Middle Potomac-Catoctin Basin,Recycled Water,2025-05,5003,38.91698083,-77.47772665,,,
Amazon,25430 SUTTON BAY PLZ  CHANTILLY 20152,Loudoun County -Central System ,Middle Potomac-Catoctin Basin,Recycled Water,2025-06,5575,38.91698083,-77.47772665,,,
Amazon,25430 SUTTON BAY PLZ  CHANTILLY 20152,Loudoun County -Central System ,Middle Potomac-Catoctin Basin,Recycled Water,2025-07,5210,38.91698083,-77.47772665,,,
Amazon,25430 SUTTON BAY PLZ  CHANTILLY 20152,Loudoun County -Central System ,Middle Potomac-Catoctin Basin,Recycled Water,2025-08,5161,38.91698083,-77.47772665,,,
Amazon,25430 SUTTON BAY PLZ  CHANTILLY 20152,Loudoun County -Central System ,Middle Potomac-Catoctin Basin,Recycled Water,2025-09,5208,38.91698083,-77.47772665,,,
Amazon,25430 SUTTON BAY PLZ  CHANTILLY 20152,Loudoun County -Central System ,Middle Potomac-Catoctin Basin,Recycled Water,2025-10,5997,38.91698083,-77.47772665,,,
Amazon,25430 SUTTON BAY PLZ  CHANTILLY 20152,Loudoun County -Central System ,Middle Potomac-Catoctin Basin,Recycled Water,2025-11,44547,38.91698083,-77.47772665,,,
Amazon,25430 SUTTON BAY PLZ  CHANTILLY 20152,Loudoun County -Central System ,Middle Potomac-Catoctin Basin,Recycled Water,2025-12,5012,38.91698083,-77.47772665,,,
Amazon,24178 UPPER WOODSIDE LN STERLING 20166,Loudoun County -Central System ,Middle Potomac-Catoctin Basin,Recycled Water,2023-02,236,38.94870607,-77.52189249,,,
Amazon,24178 UPPER WOODSIDE LN STERLING 20166,Loudoun County -Central System ,Middle Potomac-Catoctin Basin,Recycled Water,2023-03,165711,38.94870607,-77.52189249,,,
Amazon,24178 UPPER WOODSIDE LN STERLING 20166,Loudoun County -Central System ,Middle Potomac-Catoctin Basin,Recycled Water,2023-04,241297,38.94870607,-77.52189249,,,
Amazon,24178 UPPER WOODSIDE LN STERLING 20166,Loudoun County -Central System ,Middle Potomac-Catoctin Basin,Recycled Water,2023-05,87994,38.94870607,-77.52189249,,,
Amazon,24178 UPPER WOODSIDE LN STERLING 20166,Loudoun County -Central System ,Middle Potomac-Catoctin Basin,Recycled Water,2023-06,634772,38.94870607,-77.52189249,,,
Amazon,24178 UPPER WOODSIDE LN STERLING 20166,Loudoun County -Central System ,Middle Potomac-Catoctin Basin,Recycled Water,2023-07,1703142,38.94870607,-77.52189249,,,
Amazon,24178 UPPER WOODSIDE LN STERLING 20166,Loudoun County -Central System ,Middle Potomac-Catoctin Basin,Recycled Water,2023-08,1141189,38.94870607,-77.52189249,,,
Amazon,24178 UPPER WOODSIDE LN STERLING 20166,Loudoun County -Central System ,Middle Potomac-Catoctin Basin,Recycled Water,2023-09,911933,38.94870607,-77.52189249,,,
Amazon,24178 UPPER WOODSIDE LN STERLING 20166,Loudoun County -Central System ,Middle Potomac-Catoctin Basin,Recycled Water,2023-10,90381,38.94870607,-77.52189249,,,
Amazon,24178 UPPER WOODSIDE LN STERLING 20166,Loudoun County -Central System ,Middle Potomac-Catoctin Basin,Recycled Water,2023-12,97,38.94870607,-77.52189249,,,
Amazon,24178 UPPER WOODSIDE LN STERLING 20166,Loudoun County -Central System ,Middle Potomac-Catoctin Basin,Recycled Water,2024-01,5,38.94870607,-77.52189249,,,
Amazon,24178 UPPER WOODSIDE LN STERLING 20166,Loudoun County -Central System ,Middle Potomac-Catoctin Basin,Recycled Water,2024-03,82864,38.94870607,-77.52189249,,,
Amazon,24178 UPPER WOODSIDE LN STERLING 20166,Loudoun County -Central System ,Middle Potomac-Catoctin Basin,Recycled Water,2024-04,172663,38.94870607,-77.52189249,,,
Amazon,24178 UPPER WOODSIDE LN STERLING 20166,Loudoun County -Central System ,Middle Potomac-Catoctin Basin,Recycled Water,2024-05,179430,38.94870607,-77.52189249,,,
Amazon,24178 UPPER WOODSIDE LN STERLING 20166,Loudoun County -Central System ,Middle Potomac-Catoctin Basin,Recycled Water,2024-06,944306,38.94870607,-77.52189249,,,
Amazon,24178 UPPER WOODSIDE LN STERLING 20166,Loudoun County -Central System ,Middle Potomac-Catoctin Basin,Recycled Water,2024-07,1401388,38.94870607,-77.52189249,,,
Amazon,24178 UPPER WOODSIDE LN STERLING 20166,Loudoun County -Central System ,Middle Potomac-Catoctin Basin,Recycled Water,2024-08,804277,38.94870607,-77.52189249,,,
Amazon,24178 UPPER WOODSIDE LN STERLING 20166,Loudoun County -Central System ,Middle Potomac-Catoctin Basin,Recycled Water,2024-09,64190,38.94870607,-77.52189249,,,
Amazon,24178 UPPER WOODSIDE LN STERLING 20166,Loudoun County -Central System ,Middle Potomac-Catoctin Basin,Recycled Water,2024-11,2,38.94870607,-77.52189249,,,
Amazon,24178 UPPER WOODSIDE LN STERLING 20166,Loudoun County -Central System ,Middle Potomac-Catoctin Basin,Recycled Water,2025-02,1,38.94870607,-77.52189249,,,
Amazon,24178 UPPER WOODSIDE LN STERLING 20166,Loudoun County -Central System ,Middle Potomac-Catoctin Basin,Recycled Water,2025-04,172253,38.94870607,-77.52189249,,,
Amazon,24178 UPPER WOODSIDE LN STERLING 20166,Loudoun County -Central System ,Middle Potomac-Catoctin Basin,Recycled Water,2025-05,49826,38.94870607,-77.52189249,,,
Amazon,24178 UPPER WOODSIDE LN STERLING 20166,Loudoun County -Central System ,Middle Potomac-Catoctin Basin,Recycled Water,2025-06,705599,38.94870607,-77.52189249,,,
Amazon,24178 UPPER WOODSIDE LN STERLING 20166,Loudoun County -Central System ,Middle Potomac-Catoctin Basin,Recycled Water,2025-07,893245,38.94870607,-77.52189249,,,
Amazon,24178 UPPER WOODSIDE LN STERLING 20166,Loudoun County -Central System ,Middle Potomac-Catoctin Basin,Recycled Water,2025-08,206470,38.94870607,-77.52189249,,,
Amazon,24178 UPPER WOODSIDE LN STERLING 20166,Loudoun County -Central System ,Middle Potomac-Catoctin Basin,Recycled Water,2025-09,66930,38.94870607,-77.52189249,,,
Amazon,45295 W SEVERN WAY  STERLING 20166,Loudoun County -Central System ,Middle Potomac-Catoctin Basin,Recycled Water,2023-01,5308,39.02035976,-77.43439358,,,
Amazon,45295 W SEVERN WAY  STERLING 20166,Loudoun County -Central System ,Middle Potomac-Catoctin Basin,Recycled Water,2023-02,4561,39.02035976,-77.43439358,,,
Amazon,45295 W SEVERN WAY  STERLING 20166,Loudoun County -Central System ,Middle Potomac-Catoctin Basin,Recycled Water,2023-03,5448,39.02035976,-77.43439358,,,
Amazon,45295 W SEVERN WAY  STERLING 20166,Loudoun County -Central System ,Middle Potomac-Catoctin Basin,Recycled Water,2023-04,4550,39.02035976,-77.43439358,,,
Amazon,45295 W SEVERN WAY  STERLING 20166,Loudoun County -Central System ,Middle Potomac-Catoctin Basin,Recycled Water,2023-05,4794,39.02035976,-77.43439358,,,
Amazon,45295 W SEVERN WAY  STERLING 20166,Loudoun County -Central System ,Middle Potomac-Catoctin Basin,Recycled Water,2023-06,4774,39.02035976,-77.43439358,,,
Amazon,45295 W SEVERN WAY  STERLING 20166,Loudoun County -Central System ,Middle Potomac-Catoctin Basin,Recycled Water,2023-07,4986,39.02035976,-77.43439358,,,
Amazon,45295 W SEVERN WAY  STERLING 20166,Loudoun County -Central System ,Middle Potomac-Catoctin Basin,Recycled Water,2023-08,5207,39.02035976,-77.43439358,,,
Amazon,45295 W SEVERN WAY  STERLING 20166,Loudoun County -Central System ,Middle Potomac-Catoctin Basin,Recycled Water,2023-09,4911,39.02035976,-77.43439358,,,
Amazon,45295 W SEVERN WAY  STERLING 20166,Loudoun County -Central System ,Middle Potomac-Catoctin Basin,Recycled Water,2023-10,5605,39.02035976,-77.43439358,,,
Amazon,45295 W SEVERN WAY  STERLING 20166,Loudoun County -Central System ,Middle Potomac-Catoctin Basin,Recycled Water,2023-11,4987,39.02035976,-77.43439358,,,
Amazon,45295 W SEVERN WAY  STERLING 20166,Loudoun County -Central System ,Middle Potomac-Catoctin Basin,Recycled Water,2023-12,4854,39.02035976,-77.43439358,,,
Amazon,45295 W SEVERN WAY  STERLING 20166,Loudoun County -Central System ,Middle Potomac-Catoctin Basin,Recycled Water,2024-01,5500,39.02035976,-77.43439358,,,
Amazon,45295 W SEVERN WAY  STERLING 20166,Loudoun County -Central System ,Middle Potomac-Catoctin Basin,Recycled Water,2024-02,4792,39.02035976,-77.43439358,,,
Amazon,45295 W SEVERN WAY  STERLING 20166,Loudoun County -Central System ,Middle Potomac-Catoctin Basin,Recycled Water,2024-03,4518,39.02035976,-77.43439358,,,
Amazon,45295 W SEVERN WAY  STERLING 20166,Loudoun County -Central System ,Middle Potomac-Catoctin Basin,Recycled Water,2024-04,3876,39.02035976,-77.43439358,,,
Amazon,45295 W SEVERN WAY  STERLING 20166,Loudoun County -Central System ,Middle Potomac-Catoctin Basin,Recycled Water,2024-05,9635,39.02035976,-77.43439358,,,
Amazon,45295 W SEVERN WAY  STERLING 20166,Loudoun County -Central System ,Middle Potomac-Catoctin Basin,Recycled Water,2024-06,5704,39.02035976,-77.43439358,,,
Amazon,45295 W SEVERN WAY  STERLING 20166,Loudoun County -Central System ,Middle Potomac-Catoctin Basin,Recycled Water,2024-07,3676,39.02035976,-77.43439358,,,
Amazon,45295 W SEVERN WAY  STERLING 20166,Loudoun County -Central System ,Middle Potomac-Catoctin Basin,Recycled Water,2024-08,7591,39.02035976,-77.43439358,,,
Amazon,45295 W SEVERN WAY  STERLING 20166,Loudoun County -Central System ,Middle Potomac-Catoctin Basin,Recycled Water,2024-09,6561,39.02035976,-77.43439358,,,
Amazon,45295 W SEVERN WAY  STERLING 20166,Loudoun County -Central System ,Middle Potomac-Catoctin Basin,Recycled Water,2024-10,7940,39.02035976,-77.43439358,,,
Amazon,45295 W SEVERN WAY  STERLING 20166,Loudoun County -Central System ,Middle Potomac-Catoctin Basin,Recycled Water,2024-11,3651,39.02035976,-77.43439358,,,
Amazon,45295 W SEVERN WAY  STERLING 20166,Loudoun County -Central System ,Middle Potomac-Catoctin Basin,Recycled Water,2024-12,3320,39.02035976,-77.43439358,,,
Amazon,45295 W SEVERN WAY  STERLING 20166,Loudoun County -Central System ,Middle Potomac-Catoctin Basin,Recycled Water,2025-01,3925,39.02035976,-77.43439358,,,
Amazon,45295 W SEVERN WAY  STERLING 20166,Loudoun County -Central System ,Middle Potomac-Catoctin Basin,Recycled Water,2025-02,4151,39.02035976,-77.43439358,,,
Amazon,45295 W SEVERN WAY  STERLING 20166,Loudoun County -Central System ,Middle Potomac-Catoctin Basin,Recycled Water,2025-03,3519,39.02035976,-77.43439358,,,
Amazon,45295 W SEVERN WAY  STERLING 20166,Loudoun County -Central System ,Middle Potomac-Catoctin Basin,Recycled Water,2025-04,3847,39.02035976,-77.43439358,,,
Amazon,45295 W SEVERN WAY  STERLING 20166,Loudoun County -Central System ,Middle Potomac-Catoctin Basin,Recycled Water,2025-05,4064,39.02035976,-77.43439358,,,
Amazon,45295 W SEVERN WAY  STERLING 20166,Loudoun County -Central System ,Middle Potomac-Catoctin Basin,Recycled Water,2025-06,4213,39.02035976,-77.43439358,,,
Amazon,45295 W SEVERN WAY  STERLING 20166,Loudoun County -Central System ,Middle Potomac-Catoctin Basin,Recycled Water,2025-07,14477,39.02035976,-77.43439358,,,
Amazon,45295 W SEVERN WAY  STERLING 20166,Loudoun County -Central System ,Middle Potomac-Catoctin Basin,Recycled Water,2025-08,4554,39.02035976,-77.43439358,,,
Amazon,45295 W SEVERN WAY  STERLING 20166,Loudoun County -Central System ,Middle Potomac-Catoctin Basin,Recycled Water,2025-09,5251,39.02035976,-77.43439358,,,
Amazon,45295 W SEVERN WAY  STERLING 20166,Loudoun County -Central System ,Middle Potomac-Catoctin Basin,Recycled Water,2025-10,6164,39.02035976,-77.43439358,,,
Amazon,45295 W SEVERN WAY  STERLING 20166,Loudoun County -Central System ,Middle Potomac-Catoctin Basin,Recycled Water,2025-11,6832,39.02035976,-77.43439358,,,
Amazon,45295 W SEVERN WAY  STERLING 20166,Loudoun County -Central System ,Middle Potomac-Catoctin Basin,Recycled Water,2025-12,9421,39.02035976,-77.43439358,,,
Amazon,22755 RELOCATION DR  STERLING 20166,Loudoun County -Central System ,Middle Potomac-Catoctin Basin,Recycled Water,2023-03,75363,38.9870026,-77.4426446,,,
Amazon,22755 RELOCATION DR  STERLING 20166,Loudoun County -Central System ,Middle Potomac-Catoctin Basin,Recycled Water,2023-04,242258,38.9870026,-77.4426446,,,
Amazon,22755 RELOCATION DR  STERLING 20166,Loudoun County -Central System ,Middle Potomac-Catoctin Basin,Recycled Water,2023-05,104427,38.9870026,-77.4426446,,,
Amazon,22755 RELOCATION DR  STERLING 20166,Loudoun County -Central System ,Middle Potomac-Catoctin Basin,Recycled Water,2023-06,358170,38.9870026,-77.4426446,,,
Amazon,22755 RELOCATION DR  STERLING 20166,Loudoun County -Central System ,Middle Potomac-Catoctin Basin,Recycled Water,2023-07,454966,38.9870026,-77.4426446,,,
Amazon,22755 RELOCATION DR  STERLING 20166,Loudoun County -Central System ,Middle Potomac-Catoctin Basin,Recycled Water,2023-08,503495,38.9870026,-77.4426446,,,
Amazon,22755 RELOCATION DR  STERLING 20166,Loudoun County -Central System ,Middle Potomac-Catoctin Basin,Recycled Water,2023-09,182514,38.9870026,-77.4426446,,,
Amazon,22755 RELOCATION DR  STERLING 20166,Loudoun County -Central System ,Middle Potomac-Catoctin Basin,Recycled Water,2023-10,158676,38.9870026,-77.4426446,,,
Amazon,22755 RELOCATION DR  STERLING 20166,Loudoun County -Central System ,Middle Potomac-Catoctin Basin,Recycled Water,2023-11,1101,38.9870026,-77.4426446,,,
Amazon,22755 RELOCATION DR  STERLING 20166,Loudoun County -Central System ,Middle Potomac-Catoctin Basin,Recycled Water,2024-04,99597,38.9870026,-77.4426446,,,
Amazon,22755 RELOCATION DR  STERLING 20166,Loudoun County -Central System ,Middle Potomac-Catoctin Basin,Recycled Water,2024-05,81117,38.9870026,-77.4426446,,,
Amazon,22755 RELOCATION DR  STERLING 20166,Loudoun County -Central System ,Middle Potomac-Catoctin Basin,Recycled Water,2024-06,133603,38.9870026,-77.4426446,,,
Amazon,22755 RELOCATION DR  STERLING 20166,Loudoun County -Central System ,Middle Potomac-Catoctin Basin,Recycled Water,2024-07,74147,38.9870026,-77.4426446,,,
Amazon,22755 RELOCATION DR  STERLING 20166,Loudoun County -Central System ,Middle Potomac-Catoctin Basin,Recycled Water,2024-08,90160,38.9870026,-77.4426446,,,
Amazon,22755 RELOCATION DR  STERLING 20166,Loudoun County -Central System ,Middle Potomac-Catoctin Basin,Recycled Water,2024-09,14729,38.9870026,-77.4426446,,,
Amazon,22755 RELOCATION DR  STERLING 20166,Loudoun County -Central System ,Middle Potomac-Catoctin Basin,Recycled Water,2024-10,4643,38.9870026,-77.4426446,,,
Amazon,22755 RELOCATION DR  STERLING 20166,Loudoun County -Central System ,Middle Potomac-Catoctin Basin,Recycled Water,2024-11,2644,38.9870026,-77.4426446,,,
Amazon,22755 RELOCATION DR  STERLING 20166,Loudoun County -Central System ,Middle Potomac-Catoctin Basin,Recycled Water,2024-12,727,38.9870026,-77.4426446,,,
Amazon,22755 RELOCATION DR  STERLING 20166,Loudoun County -Central System ,Middle Potomac-Catoctin Basin,Recycled Water,2025-04,120,38.9870026,-77.4426446,,,
Amazon,22755 RELOCATION DR  STERLING 20166,Loudoun County -Central System ,Middle Potomac-Catoctin Basin,Recycled Water,2025-05,30271,38.9870026,-77.4426446,,,
Amazon,22755 RELOCATION DR  STERLING 20166,Loudoun County -Central System ,Middle Potomac-Catoctin Basin,Recycled Water,2025-06,236506,38.9870026,-77.4426446,,,
Amazon,22755 RELOCATION DR  STERLING 20166,Loudoun County -Central System ,Middle Potomac-Catoctin Basin,Recycled Water,2025-07,295315,38.9870026,-77.4426446,,,
Amazon,22755 RELOCATION DR  STERLING 20166,Loudoun County -Central System ,Middle Potomac-Catoctin Basin,Recycled Water,2025-08,128539,38.9870026,-77.4426446,,,
Amazon,22755 RELOCATION DR  STERLING 20166,Loudoun County -Central System ,Middle Potomac-Catoctin Basin,Recycled Water,2025-09,214356,38.9870026,-77.4426446,,,
Amazon,22755 RELOCATION DR  STERLING 20166,Loudoun County -Central System ,Middle Potomac-Catoctin Basin,Recycled Water,2025-10,64217,38.9870026,-77.4426446,,,
Amazon,22755 RELOCATION DR  STERLING 20166,Loudoun County -Central System ,Middle Potomac-Catoctin Basin,Recycled Water,2025-11,926,38.9870026,-77.4426446,,,
Amazon,43736 CLUBBER LN CHANTILLY 20152,Loudoun County -Central System ,Middle Potomac-Catoctin Basin,Recycled Water,2023-03,19548,38.916814,-77.492859,,,
Amazon,43736 CLUBBER LN CHANTILLY 20152,Loudoun County -Central System ,Middle Potomac-Catoctin Basin,Recycled Water,2023-04,253753,38.916814,-77.492859,,,
Amazon,43736 CLUBBER LN CHANTILLY 20152,Loudoun County -Central System ,Middle Potomac-Catoctin Basin,Recycled Water,2023-05,117364,38.916814,-77.492859,,,
Amazon,43736 CLUBBER LN CHANTILLY 20152,Loudoun County -Central System ,Middle Potomac-Catoctin Basin,Recycled Water,2023-06,278559,38.916814,-77.492859,,,
Amazon,43736 CLUBBER LN CHANTILLY 20152,Loudoun County -Central System ,Middle Potomac-Catoctin Basin,Recycled Water,2023-07,574837,38.916814,-77.492859,,,
Amazon,43736 CLUBBER LN CHANTILLY 20152,Loudoun County -Central System ,Middle Potomac-Catoctin Basin,Recycled Water,2023-08,512105,38.916814,-77.492859,,,
Amazon,43736 CLUBBER LN CHANTILLY 20152,Loudoun County -Central System ,Middle Potomac-Catoctin Basin,Recycled Water,2023-09,317676,38.916814,-77.492859,,,
Amazon,43736 CLUBBER LN CHANTILLY 20152,Loudoun County -Central System ,Middle Potomac-Catoctin Basin,Recycled Water,2023-10,83924,38.916814,-77.492859,,,
Amazon,43736 CLUBBER LN CHANTILLY 20152,Loudoun County -Central System ,Middle Potomac-Catoctin Basin,Recycled Water,2023-11,96714,38.916814,-77.492859,,,
Amazon,43736 CLUBBER LN CHANTILLY 20152,Loudoun County -Central System ,Middle Potomac-Catoctin Basin,Recycled Water,2024-03,318,38.916814,-77.492859,,,
Amazon,43736 CLUBBER LN CHANTILLY 20152,Loudoun County -Central System ,Middle Potomac-Catoctin Basin,Recycled Water,2024-04,36954,38.916814,-77.492859,,,
Amazon,43736 CLUBBER LN CHANTILLY 20152,Loudoun County -Central System ,Middle Potomac-Catoctin Basin,Recycled Water,2024-05,100031,38.916814,-77.492859,,,
Amazon,43736 CLUBBER LN CHANTILLY 20152,Loudoun County -Central System ,Middle Potomac-Catoctin Basin,Recycled Water,2024-06,717622,38.916814,-77.492859,,,
Amazon,43736 CLUBBER LN CHANTILLY 20152,Loudoun County -Central System ,Middle Potomac-Catoctin Basin,Recycled Water,2024-07,471802,38.916814,-77.492859,,,
Amazon,43736 CLUBBER LN CHANTILLY 20152,Loudoun County -Central System ,Middle Potomac-Catoctin Basin,Recycled Water,2024-08,228001,38.916814,-77.492859,,,
Amazon,43736 CLUBBER LN CHANTILLY 20152,Loudoun County -Central System ,Middle Potomac-Catoctin Basin,Recycled Water,2024-09,41011,38.916814,-77.492859,,,
Amazon,43736 CLUBBER LN CHANTILLY 20152,Loudoun County -Central System ,Middle Potomac-Catoctin Basin,Recycled Water,2024-10,102497,38.916814,-77.492859,,,
Amazon,43736 CLUBBER LN CHANTILLY 20152,Loudoun County -Central System ,Middle Potomac-Catoctin Basin,Recycled Water,2024-11,1163,38.916814,-77.492859,,,
Amazon,43736 CLUBBER LN CHANTILLY 20152,Loudoun County -Central System ,Middle Potomac-Catoctin Basin,Recycled Water,2025-03,5788,38.916814,-77.492859,,,
Amazon,43736 CLUBBER LN CHANTILLY 20152,Loudoun County -Central System ,Middle Potomac-Catoctin Basin,Recycled Water,2025-04,15292,38.916814,-77.492859,,,
Amazon,43736 CLUBBER LN CHANTILLY 20152,Loudoun County -Central System ,Middle Potomac-Catoctin Basin,Recycled Water,2025-05,45257,38.916814,-77.492859,,,
Amazon,43736 CLUBBER LN CHANTILLY 20152,Loudoun County -Central System ,Middle Potomac-Catoctin Basin,Recycled Water,2025-06,166166,38.916814,-77.492859,,,
Amazon,43736 CLUBBER LN CHANTILLY 20152,Loudoun County -Central System ,Middle Potomac-Catoctin Basin,Recycled Water,2025-07,259095,38.916814,-77.492859,,,
Amazon,43736 CLUBBER LN CHANTILLY 20152,Loudoun County -Central System ,Middle Potomac-Catoctin Basin,Recycled Water,2025-08,82839,38.916814,-77.492859,,,
Amazon,43736 CLUBBER LN CHANTILLY 20152,Loudoun County -Central System ,Middle Potomac-Catoctin Basin,Recycled Water,2025-09,63032,38.916814,-77.492859,,,
Amazon,43736 CLUBBER LN CHANTILLY 20152,Loudoun County -Central System ,Middle Potomac-Catoctin Basin,Recycled Water,2025-10,7789,38.916814,-77.492859,,,
Amazon,43736 CLUBBER LN CHANTILLY 20152,Loudoun County -Central System ,Middle Potomac-Catoctin Basin,Recycled Water,2025-11,1220,38.916814,-77.492859,,,
Amazon,43736 CLUBBER LN CHANTILLY 20152,Loudoun County -Central System ,Middle Potomac-Catoctin Basin,Recycled Water,2025-12,34,38.916814,-77.492859,,,
Amazon,22945 INTERNATIONAL DR STERLING 20166,Loudoun County -Central System ,Middle Potomac-Catoctin Basin,Recycled Water,2023-04,38972,38.9802688,-77.4261357,,,
Amazon,22945 INTERNATIONAL DR STERLING 20166,Loudoun County -Central System ,Middle Potomac-Catoctin Basin,Recycled Water,2023-05,24768,38.9802688,-77.4261357,,,
Amazon,22945 INTERNATIONAL DR STERLING 20166,Loudoun County -Central System ,Middle Potomac-Catoctin Basin,Recycled Water,2023-06,106864,38.9802688,-77.4261357,,,
Amazon,22945 INTERNATIONAL DR STERLING 20166,Loudoun County -Central System ,Middle Potomac-Catoctin Basin,Recycled Water,2023-07,328621,38.9802688,-77.4261357,,,
Amazon,22945 INTERNATIONAL DR STERLING 20166,Loudoun County -Central System ,Middle Potomac-Catoctin Basin,Recycled Water,2023-08,225221,38.9802688,-77.4261357,,,
Amazon,22945 INTERNATIONAL DR STERLING 20166,Loudoun County -Central System ,Middle Potomac-Catoctin Basin,Recycled Water,2023-09,179320,38.9802688,-77.4261357,,,
Amazon,22945 INTERNATIONAL DR STERLING 20166,Loudoun County -Central System ,Middle Potomac-Catoctin Basin,Recycled Water,2023-10,49505,38.9802688,-77.4261357,,,
Amazon,22945 INTERNATIONAL DR STERLING 20166,Loudoun County -Central System ,Middle Potomac-Catoctin Basin,Recycled Water,2023-11,-2390,38.9802688,-77.4261357,,,
Amazon,22945 INTERNATIONAL DR STERLING 20166,Loudoun County -Central System ,Middle Potomac-Catoctin Basin,Recycled Water,2024-03,4656,38.9802688,-77.4261357,,,
Amazon,22945 INTERNATIONAL DR STERLING 20166,Loudoun County -Central System ,Middle Potomac-Catoctin Basin,Recycled Water,2024-04,22575,38.9802688,-77.4261357,,,
Amazon,22945 INTERNATIONAL DR STERLING 20166,Loudoun County -Central System ,Middle Potomac-Catoctin Basin,Recycled Water,2024-05,43662,38.9802688,-77.4261357,,,
Amazon,22945 INTERNATIONAL DR STERLING 20166,Loudoun County -Central System ,Middle Potomac-Catoctin Basin,Recycled Water,2024-06,255518,38.9802688,-77.4261357,,,
Amazon,22945 INTERNATIONAL DR STERLING 20166,Loudoun County -Central System ,Middle Potomac-Catoctin Basin,Recycled Water,2024-07,289706,38.9802688,-77.4261357,,,
Amazon,22945 INTERNATIONAL DR STERLING 20166,Loudoun County -Central System ,Middle Potomac-Catoctin Basin,Recycled Water,2024-08,178065,38.9802688,-77.4261357,,,
Amazon,22945 INTERNATIONAL DR STERLING 20166,Loudoun County -Central System ,Middle Potomac-Catoctin Basin,Recycled Water,2024-09,25507,38.9802688,-77.4261357,,,
Amazon,22945 INTERNATIONAL DR STERLING 20166,Loudoun County -Central System ,Middle Potomac-Catoctin Basin,Recycled Water,2024-10,36656,38.9802688,-77.4261357,,,
Amazon,22945 INTERNATIONAL DR STERLING 20166,Loudoun County -Central System ,Middle Potomac-Catoctin Basin,Recycled Water,2024-11,42293,38.9802688,-77.4261357,,,
Amazon,22945 INTERNATIONAL DR STERLING 20166,Loudoun County -Central System ,Middle Potomac-Catoctin Basin,Recycled Water,2024-12,-30,38.9802688,-77.4261357,,,
Amazon,22945 INTERNATIONAL DR STERLING 20166,Loudoun County -Central System ,Middle Potomac-Catoctin Basin,Recycled Water,2025-03,4865,38.9802688,-77.4261357,,,
Amazon,22945 INTERNATIONAL DR STERLING 20166,Loudoun County -Central System ,Middle Potomac-Catoctin Basin,Recycled Water,2025-04,5873,38.9802688,-77.4261357,,,
Amazon,22945 INTERNATIONAL DR STERLING 20166,Loudoun County -Central System ,Middle Potomac-Catoctin Basin,Recycled Water,2025-05,11107,38.9802688,-77.4261357,,,
Amazon,22945 INTERNATIONAL DR STERLING 20166,Loudoun County -Central System ,Middle Potomac-Catoctin Basin,Recycled Water,2025-06,76782,38.9802688,-77.4261357,,,
Amazon,22945 INTERNATIONAL DR STERLING 20166,Loudoun County -Central System ,Middle Potomac-Catoctin Basin,Recycled Water,2025-07,67121,38.9802688,-77.4261357,,,
Amazon,22945 INTERNATIONAL DR STERLING 20166,Loudoun County -Central System ,Middle Potomac-Catoctin Basin,Recycled Water,2025-08,29550,38.9802688,-77.4261357,,,
Amazon,22945 INTERNATIONAL DR STERLING 20166,Loudoun County -Central System ,Middle Potomac-Catoctin Basin,Recycled Water,2025-09,55292,38.9802688,-77.4261357,,,
Amazon,22945 INTERNATIONAL DR STERLING 20166,Loudoun County -Central System ,Middle Potomac-Catoctin Basin,Recycled Water,2025-10,57420,38.9802688,-77.4261357,,,
Amazon,22945 INTERNATIONAL DR STERLING 20166,Loudoun County -Central System ,Middle Potomac-Catoctin Basin,Recycled Water,2025-11,12122,38.9802688,-77.4261357,,,
Amazon,22945 INTERNATIONAL DR STERLING 20166,Loudoun County -Central System ,Middle Potomac-Catoctin Basin,Recycled Water,2025-12,13286,38.9802688,-77.4261357,,,
Amazon,43701 CLUBBER LN CHANTILLY 20152,Loudoun County -Central System ,Middle Potomac-Catoctin Basin,Recycled Water,2023-01,164,38.916814,-77.492859,,,
Amazon,43701 CLUBBER LN CHANTILLY 20152,Loudoun County -Central System ,Middle Potomac-Catoctin Basin,Recycled Water,2023-02,23,38.916814,-77.492859,,,
Amazon,43701 CLUBBER LN CHANTILLY 20152,Loudoun County -Central System ,Middle Potomac-Catoctin Basin,Recycled Water,2023-03,18201,38.916814,-77.492859,,,
Amazon,43701 CLUBBER LN CHANTILLY 20152,Loudoun County -Central System ,Middle Potomac-Catoctin Basin,Recycled Water,2023-04,142451,38.916814,-77.492859,,,
Amazon,43701 CLUBBER LN CHANTILLY 20152,Loudoun County -Central System ,Middle Potomac-Catoctin Basin,Recycled Water,2023-05,45172,38.916814,-77.492859,,,
Amazon,43701 CLUBBER LN CHANTILLY 20152,Loudoun County -Central System ,Middle Potomac-Catoctin Basin,Recycled Water,2023-06,147748,38.916814,-77.492859,,,
Amazon,43701 CLUBBER LN CHANTILLY 20152,Loudoun County -Central System ,Middle Potomac-Catoctin Basin,Recycled Water,2023-07,499526,38.916814,-77.492859,,,
Amazon,43701 CLUBBER LN CHANTILLY 20152,Loudoun County -Central System ,Middle Potomac-Catoctin Basin,Recycled Water,2023-08,417396,38.916814,-77.492859,,,
Amazon,43701 CLUBBER LN CHANTILLY 20152,Loudoun County -Central System ,Middle Potomac-Catoctin Basin,Recycled Water,2023-09,180909,38.916814,-77.492859,,,
Amazon,43701 CLUBBER LN CHANTILLY 20152,Loudoun County -Central System ,Middle Potomac-Catoctin Basin,Recycled Water,2023-10,47800,38.916814,-77.492859,,,
Amazon,43701 CLUBBER LN CHANTILLY 20152,Loudoun County -Central System ,Middle Potomac-Catoctin Basin,Recycled Water,2023-11,35471,38.916814,-77.492859,,,
Amazon,43701 CLUBBER LN CHANTILLY 20152,Loudoun County -Central System ,Middle Potomac-Catoctin Basin,Recycled Water,2023-12,681,38.916814,-77.492859,,,
Amazon,43701 CLUBBER LN CHANTILLY 20152,Loudoun County -Central System ,Middle Potomac-Catoctin Basin,Recycled Water,2024-01,586,38.916814,-77.492859,,,
Amazon,43701 CLUBBER LN CHANTILLY 20152,Loudoun County -Central System ,Middle Potomac-Catoctin Basin,Recycled Water,2024-02,808,38.916814,-77.492859,,,
Amazon,43701 CLUBBER LN CHANTILLY 20152,Loudoun County -Central System ,Middle Potomac-Catoctin Basin,Recycled Water,2024-03,862,38.916814,-77.492859,,,
Amazon,43701 CLUBBER LN CHANTILLY 20152,Loudoun County -Central System ,Middle Potomac-Catoctin Basin,Recycled Water,2024-04,39238,38.916814,-77.492859,,,
Amazon,43701 CLUBBER LN CHANTILLY 20152,Loudoun County -Central System ,Middle Potomac-Catoctin Basin,Recycled Water,2024-05,113945,38.916814,-77.492859,,,
Amazon,43701 CLUBBER LN CHANTILLY 20152,Loudoun County -Central System ,Middle Potomac-Catoctin Basin,Recycled Water,2024-06,194785,38.916814,-77.492859,,,
Amazon,43701 CLUBBER LN CHANTILLY 20152,Loudoun County -Central System ,Middle Potomac-Catoctin Basin,Recycled Water,2024-07,270085,38.916814,-77.492859,,,
Amazon,43701 CLUBBER LN CHANTILLY 20152,Loudoun County -Central System ,Middle Potomac-Catoctin Basin,Recycled Water,2024-08,166048,38.916814,-77.492859,,,
Amazon,43701 CLUBBER LN CHANTILLY 20152,Loudoun County -Central System ,Middle Potomac-Catoctin Basin,Recycled Water,2024-09,42627,38.916814,-77.492859,,,
Amazon,43701 CLUBBER LN CHANTILLY 20152,Loudoun County -Central System ,Middle Potomac-Catoctin Basin,Recycled Water,2024-10,109155,38.916814,-77.492859,,,
Amazon,43701 CLUBBER LN CHANTILLY 20152,Loudoun County -Central System ,Middle Potomac-Catoctin Basin,Recycled Water,2025-01,1,38.916814,-77.492859,,,
Amazon,43701 CLUBBER LN CHANTILLY 20152,Loudoun County -Central System ,Middle Potomac-Catoctin Basin,Recycled Water,2025-02,35,38.916814,-77.492859,,,
Amazon,43701 CLUBBER LN CHANTILLY 20152,Loudoun County -Central System ,Middle Potomac-Catoctin Basin,Recycled Water,2025-03,1655,38.916814,-77.492859,,,
Amazon,43701 CLUBBER LN CHANTILLY 20152,Loudoun County -Central System ,Middle Potomac-Catoctin Basin,Recycled Water,2025-04,16802,38.916814,-77.492859,,,
Amazon,43701 CLUBBER LN CHANTILLY 20152,Loudoun County -Central System ,Middle Potomac-Catoctin Basin,Recycled Water,2025-05,24417,38.916814,-77.492859,,,
Amazon,43701 CLUBBER LN CHANTILLY 20152,Loudoun County -Central System ,Middle Potomac-Catoctin Basin,Recycled Water,2025-06,78448,38.916814,-77.492859,,,
Amazon,43701 CLUBBER LN CHANTILLY 20152,Loudoun County -Central System ,Middle Potomac-Catoctin Basin,Recycled Water,2025-07,90277,38.916814,-77.492859,,,
Amazon,43701 CLUBBER LN CHANTILLY 20152,Loudoun County -Central System ,Middle Potomac-Catoctin Basin,Recycled Water,2025-08,43232,38.916814,-77.492859,,,
Amazon,43701 CLUBBER LN CHANTILLY 20152,Loudoun County -Central System ,Middle Potomac-Catoctin Basin,Recycled Water,2025-09,33436,38.916814,-77.492859,,,
Amazon,43701 CLUBBER LN CHANTILLY 20152,Loudoun County -Central System ,Middle Potomac-Catoctin Basin,Recycled Water,2025-10,4948,38.916814,-77.492859,,,
Amazon,43701 CLUBBER LN CHANTILLY 20152,Loudoun County -Central System ,Middle Potomac-Catoctin Basin,Recycled Water,2025-11,69,38.916814,-77.492859,,,
Amazon,45360 W SEVERN WAY  STERLING 20166,Loudoun County -Central System ,Middle Potomac-Catoctin Basin,Recycled Water,2023-01,470298,39.02179851,-77.43283985,,,
Amazon,45360 W SEVERN WAY  STERLING 20166,Loudoun County -Central System ,Middle Potomac-Catoctin Basin,Recycled Water,2023-02,765752,39.02179851,-77.43283985,,,
Amazon,45360 W SEVERN WAY  STERLING 20166,Loudoun County -Central System ,Middle Potomac-Catoctin Basin,Recycled Water,2023-03,1688022,39.02179851,-77.43283985,,,
Amazon,45360 W SEVERN WAY  STERLING 20166,Loudoun County -Central System ,Middle Potomac-Catoctin Basin,Recycled Water,2023-04,3106366,39.02179851,-77.43283985,,,
Amazon,45360 W SEVERN WAY  STERLING 20166,Loudoun County -Central System ,Middle Potomac-Catoctin Basin,Recycled Water,2023-05,2641828,39.02179851,-77.43283985,,,
Amazon,45360 W SEVERN WAY  STERLING 20166,Loudoun County -Central System ,Middle Potomac-Catoctin Basin,Recycled Water,2023-06,1451632,39.02179851,-77.43283985,,,
Amazon,45360 W SEVERN WAY  STERLING 20166,Loudoun County -Central System ,Middle Potomac-Catoctin Basin,Recycled Water,2023-07,470845,39.02179851,-77.43283985,,,
Amazon,45360 W SEVERN WAY  STERLING 20166,Loudoun County -Central System ,Middle Potomac-Catoctin Basin,Recycled Water,2023-08,145465,39.02179851,-77.43283985,,,
Amazon,45360 W SEVERN WAY  STERLING 20166,Loudoun County -Central System ,Middle Potomac-Catoctin Basin,Recycled Water,2023-09,24649,39.02179851,-77.43283985,,,
Amazon,45360 W SEVERN WAY  STERLING 20166,Loudoun County -Central System ,Middle Potomac-Catoctin Basin,Recycled Water,2023-10,38371,39.02179851,-77.43283985,,,
Amazon,45360 W SEVERN WAY  STERLING 20166,Loudoun County -Central System ,Middle Potomac-Catoctin Basin,Recycled Water,2023-11,21802,39.02179851,-77.43283985,,,
Amazon,45360 W SEVERN WAY  STERLING 20166,Loudoun County -Central System ,Middle Potomac-Catoctin Basin,Recycled Water,2023-12,106433,39.02179851,-77.43283985,,,
Amazon,45360 W SEVERN WAY  STERLING 20166,Loudoun County -Central System ,Middle Potomac-Catoctin Basin,Recycled Water,2024-01,827776,39.02179851,-77.43283985,,,
Amazon,45360 W SEVERN WAY  STERLING 20166,Loudoun County -Central System ,Middle Potomac-Catoctin Basin,Recycled Water,2024-02,1890597,39.02179851,-77.43283985,,,
Amazon,45360 W SEVERN WAY  STERLING 20166,Loudoun County -Central System ,Middle Potomac-Catoctin Basin,Recycled Water,2024-03,2415680,39.02179851,-77.43283985,,,
Amazon,45360 W SEVERN WAY  STERLING 20166,Loudoun County -Central System ,Middle Potomac-Catoctin Basin,Recycled Water,2024-04,2816352,39.02179851,-77.43283985,,,
Amazon,45360 W SEVERN WAY  STERLING 20166,Loudoun County -Central System ,Middle Potomac-Catoctin Basin,Recycled Water,2024-05,2400721,39.02179851,-77.43283985,,,
Amazon,45360 W SEVERN WAY  STERLING 20166,Loudoun County -Central System ,Middle Potomac-Catoctin Basin,Recycled Water,2024-06,1884257,39.02179851,-77.43283985,,,
Amazon,45360 W SEVERN WAY  STERLING 20166,Loudoun County -Central System ,Middle Potomac-Catoctin Basin,Recycled Water,2024-07,569742,39.02179851,-77.43283985,,,
Amazon,45360 W SEVERN WAY  STERLING 20166,Loudoun County -Central System ,Middle Potomac-Catoctin Basin,Recycled Water,2024-08,304044,39.02179851,-77.43283985,,,
Amazon,45360 W SEVERN WAY  STERLING 20166,Loudoun County -Central System ,Middle Potomac-Catoctin Basin,Recycled Water,2024-09,199119,39.02179851,-77.43283985,,,
Amazon,45360 W SEVERN WAY  STERLING 20166,Loudoun County -Central System ,Middle Potomac-Catoctin Basin,Recycled Water,2024-10,89078,39.02179851,-77.43283985,,,
Amazon,45360 W SEVERN WAY  STERLING 20166,Loudoun County -Central System ,Middle Potomac-Catoctin Basin,Recycled Water,2024-11,82364,39.02179851,-77.43283985,,,
Amazon,45360 W SEVERN WAY  STERLING 20166,Loudoun County -Central System ,Middle Potomac-Catoctin Basin,Recycled Water,2024-12,323641,39.02179851,-77.43283985,,,
Amazon,45360 W SEVERN WAY  STERLING 20166,Loudoun County -Central System ,Middle Potomac-Catoctin Basin,Recycled Water,2025-01,680509,39.02179851,-77.43283985,,,
Amazon,45360 W SEVERN WAY  STERLING 20166,Loudoun County -Central System ,Middle Potomac-Catoctin Basin,Recycled Water,2025-02,1178312,39.02179851,-77.43283985,,,
Amazon,45360 W SEVERN WAY  STERLING 20166,Loudoun County -Central System ,Middle Potomac-Catoctin Basin,Recycled Water,2025-03,1753994,39.02179851,-77.43283985,,,
Amazon,45360 W SEVERN WAY  STERLING 20166,Loudoun County -Central System ,Middle Potomac-Catoctin Basin,Recycled Water,2025-04,2078025,39.02179851,-77.43283985,,,
Amazon,45360 W SEVERN WAY  STERLING 20166,Loudoun County -Central System ,Middle Potomac-Catoctin Basin,Recycled Water,2025-05,1655573,39.02179851,-77.43283985,,,
Amazon,45360 W SEVERN WAY  STERLING 20166,Loudoun County -Central System ,Middle Potomac-Catoctin Basin,Recycled Water,2025-06,1701710,39.02179851,-77.43283985,,,
Amazon,45360 W SEVERN WAY  STERLING 20166,Loudoun County -Central System ,Middle Potomac-Catoctin Basin,Recycled Water,2025-07,603283,39.02179851,-77.43283985,,,
Amazon,45360 W SEVERN WAY  STERLING 20166,Loudoun County -Central System ,Middle Potomac-Catoctin Basin,Recycled Water,2025-08,86667,39.02179851,-77.43283985,,,
Amazon,45360 W SEVERN WAY  STERLING 20166,Loudoun County -Central System ,Middle Potomac-Catoctin Basin,Recycled Water,2025-09,14749,39.02179851,-77.43283985,,,
Google,Riparian Buffers,Alliance for Chesapeake Bay,South Fork Shenandoah Basin,Watershed Replenishment,2025-01,0,38.22200856,-79.02033798,,,
Google,Riparian Buffers,Alliance for Chesapeake Bay,South Fork Shenandoah Basin,Watershed Replenishment,2025-02,0,38.22200856,-79.02033798,,,
Google,Riparian Buffers,Alliance for Chesapeake Bay,South Fork Shenandoah Basin,Watershed Replenishment,2025-03,0,38.22200856,-79.02033798,,,
Google,Riparian Buffers,Alliance for Chesapeake Bay,South Fork Shenandoah Basin,Watershed Replenishment,2025-04,0,38.22200856,-79.02033798,,,
Google,Riparian Buffers,Alliance for Chesapeake Bay,South Fork Shenandoah Basin,Watershed Replenishment,2025-05,0,38.22200856,-79.02033798,,,
Google,Riparian Buffers,Alliance for Chesapeake Bay,South Fork Shenandoah Basin,Watershed Replenishment,2025-06,0,38.22200856,-79.02033798,,,
Google,Riparian Buffers,Alliance for Chesapeake Bay,South Fork Shenandoah Basin,Watershed Replenishment,2025-07,0,38.22200856,-79.02033798,,,
Google,Riparian Buffers,Alliance for Chesapeake Bay,South Fork Shenandoah Basin,Watershed Replenishment,2025-08,0,38.22200856,-79.02033798,,,
Google,Riparian Buffers,Alliance for Chesapeake Bay,South Fork Shenandoah Basin,Watershed Replenishment,2025-09,0,38.22200856,-79.02033798,,,
Google,Riparian Buffers,Alliance for Chesapeake Bay,South Fork Shenandoah Basin,Watershed Replenishment,2025-10,0,38.22200856,-79.02033798,,,
Google,Riparian Buffers,Alliance for Chesapeake Bay,South Fork Shenandoah Basin,Watershed Replenishment,2025-11,0,38.22200856,-79.02033798,,,
Google,Riparian Buffers,Alliance for Chesapeake Bay,South Fork Shenandoah Basin,Watershed Replenishment,2025-12,0,38.22200856,-79.02033798,,,
Amazon,Improving Soil Health,Stroud Water Research Center,"Potomac River (Bull Run, Broad Run)",Water Quality,2024-01,7333000,39.071219,-77.443877,,39.071219,-77.443877
Amazon,Improving Soil Health,Stroud Water Research Center,Potomac River,Water Quality,2024-02,7333000,39.071219,-77.443877,,,
Amazon,Improving Soil Health,Stroud Water Research Center,Potomac River,Water Quality,2024-03,7333000,39.071219,-77.443877,,,
Amazon,Improving Soil Health,Stroud Water Research Center,Potomac River,Water Quality,2024-04,7333000,39.071219,-77.443877,,,
Amazon,Improving Soil Health,Stroud Water Research Center,Potomac River,Water Quality,2024-05,7333000,39.071219,-77.443877,,,
Amazon,Improving Soil Health,Stroud Water Research Center,Potomac River,Water Quality,2024-06,7333000,39.071219,-77.443877,,,
Amazon,Improving Soil Health,Stroud Water Research Center,Potomac River,Water Quality,2024-07,7333000,39.071219,-77.443877,,,
Amazon,Improving Soil Health,Stroud Water Research Center,Potomac River,Water Quality,2024-08,7333000,39.071219,-77.443877,,,
Amazon,Improving Soil Health,Stroud Water Research Center,Potomac River,Water Quality,2024-09,7333000,39.071219,-77.443877,,,
Amazon,Improving Soil Health,Stroud Water Research Center,Potomac River,Water Quality,2024-10,7333000,39.071219,-77.443877,,,
Amazon,Improving Soil Health,Stroud Water Research Center,Potomac River,Water Quality,2024-11,7333000,39.071219,-77.443877,,,
Amazon,Improving Soil Health,Stroud Water Research Center,Potomac River,Water Quality,2024-12,7333000,39.071219,-77.443877,,,
Amazon,Improving Soil Health,Stroud Water Research Center,Potomac River,Water Quality,2025-01,7333000,39.071219,-77.443877,,,
Amazon,Improving Soil Health,Stroud Water Research Center,Potomac River,Water Quality,2025-02,7333000,39.071219,-77.443877,,,
Amazon,Improving Soil Health,Stroud Water Research Center,Potomac River,Water Quality,2025-03,7333000,39.071219,-77.443877,,,
Amazon,Improving Soil Health,Stroud Water Research Center,Potomac River,Water Quality,2025-04,7333000,39.071219,-77.443877,,,
Amazon,Improving Soil Health,Stroud Water Research Center,Potomac River,Water Quality,2025-05,7333000,39.071219,-77.443877,,,
Amazon,Improving Soil Health,Stroud Water Research Center,Potomac River,Water Quality,2025-06,7333000,39.071219,-77.443877,,,
Amazon,Improving Soil Health,Stroud Water Research Center,Potomac River,Water Quality,2025-07,7333000,39.071219,-77.443877,,,
Amazon,Improving Soil Health,Stroud Water Research Center,Potomac River,Water Quality,2025-08,7333000,39.071219,-77.443877,,,
Amazon,Improving Soil Health,Stroud Water Research Center,Potomac River,Water Quality,2025-09,7333000,39.071219,-77.443877,,,
Amazon,Improving Soil Health,Stroud Water Research Center,Potomac River,Water Quality,2025-10,7333000,39.071219,-77.443877,,,
Amazon,Improving Soil Health,Stroud Water Research Center,Potomac River,Water Quality,2025-11,7333000,39.071219,-77.443877,,,
Amazon,Improving Soil Health,Stroud Water Research Center,Potomac River,Water Quality,2025-12,7333000,39.071219,-77.443877,,,
Amazon,Improving Soil Health,Stroud Water Research Center,Potomac River,Water Quality,2026-01,7333000,39.071219,-77.443877,,,
Amazon,Improving Soil Health,Stroud Water Research Center,Potomac River,Water Quality,2026-02,7333000,39.071219,-77.443877,,,
Amazon,Improving Soil Health,Stroud Water Research Center,Potomac River,Water Quality,2026-03,7333000,39.071219,-77.443877,,,
Amazon,Improving Soil Health,Stroud Water Research Center,Potomac River,Water Quality,2026-04,7333000,39.071219,-77.443877,,,
